,Frame name,Label,Fold
20,00021.jpg,U>10,4
21,00022.jpg,U>10,5
22,00023.jpg,U>10,2
23,00024.jpg,U>10,1
24,00025.jpg,U>10,2
25,00026.jpg,U>10,5
26,00027.jpg,U>10,4
27,00028.jpg,U>10,4
28,00029.jpg,U>10,4
29,00030.jpg,U>10,5
30,00031.jpg,U>10,2
31,00032.jpg,U>10,5
32,00033.jpg,U>10,2
33,00034.jpg,U>10,5
34,00035.jpg,U>10,3
35,00036.jpg,U>10,5
36,00037.jpg,U3-10,3
37,00038.jpg,E,2
40,00041.jpg,AU,4
41,00043.jpg,U3-10,2
42,00044.jpg,AU,4
43,00045.jpg,AU,5
44,00046.jpg,AU,3
45,00047.jpg,AU,2
46,00048.jpg,AU,4
47,00049.jpg,AU,5
48,00050.jpg,AU,3
49,00051.jpg,AU,5
70,00072.jpg,U3-10,2
95,00098.jpg,O,5
96,00099.jpg,O,5
109,00112.jpg,E,1
156,00159.jpg,U3-10,1
157,00160.jpg,U3-10,1
158,00161.jpg,S,2
159,00162.jpg,S,1
160,00163.jpg,S,2
161,00164.jpg,S,5
162,00165.jpg,S,4
163,00166.jpg,S,1
164,00167.jpg,S,2
165,00168.jpg,S,1
166,00169.jpg,S,5
168,00171.jpg,S,2
169,00172.jpg,S,3
170,00173.jpg,S,4
171,00174.jpg,S,4
172,00175.jpg,O,3
173,00176.jpg,S,5
174,00177.jpg,S,4
175,00178.jpg,S,4
176,00179.jpg,U3-10,2
177,00180.jpg,U3-10,3
178,00181.jpg,U3-10,4
180,00183.jpg,U3-10,4
183,00186.jpg,U3-10,3
184,00187.jpg,U3-10,5
185,00188.jpg,U3-10,3
187,00193.jpg,AU,3
188,00194.jpg,U3-10,2
189,00195.jpg,S,4
190,00196.jpg,U3-10,2
191,00197.jpg,S,2
192,00198.jpg,U3-10,2
197,00204.jpg,O,1
198,00205.jpg,AU,2
199,00206.jpg,AU,1
200,00207.jpg,AU,2
201,00208.jpg,U3-10,5
202,00209.jpg,U3-10,2
205,00212.jpg,U3-10,4
207,00214.jpg,AU,5
208,00215.jpg,AU,5
210,00217.jpg,AU,2
211,00218.jpg,U3-10,1
213,00220.jpg,U3-10,5
226,00234.jpg,O,3
227,00235.jpg,U>10,4
228,00236.jpg,U>10,1
229,00237.jpg,U>10,4
230,00238.jpg,U>10,5
231,00239.jpg,U>10,3
232,00240.jpg,U>10,2
233,00241.jpg,O,5
234,00242.jpg,O,3
235,00243.jpg,U3-10,3
236,00244.jpg,U>10,5
237,00245.jpg,O,1
238,00246.jpg,U>10,2
239,00247.jpg,U>10,3
241,00249.jpg,O,1
242,00250.jpg,O,2
243,00251.jpg,O,3
244,00252.jpg,U>10,5
245,00253.jpg,U>10,3
246,00254.jpg,U>10,5
247,00255.jpg,U>10,3
248,00256.jpg,U>10,4
249,00257.jpg,U>10,5
250,00258.jpg,U>10,3
251,00259.jpg,U>10,4
252,00260.jpg,U>10,1
253,00261.jpg,U>10,2
254,00262.jpg,U>10,4
255,00263.jpg,U>10,5
256,00264.jpg,U>10,3
257,00265.jpg,U>10,1
258,00266.jpg,U>10,4
259,00267.jpg,U>10,5
260,00268.jpg,U>10,5
261,00269.jpg,U>10,2
262,00270.jpg,U>10,4
263,00271.jpg,O,5
264,00272.jpg,O,1
265,00273.jpg,O,1
266,00274.jpg,U3-10,3
267,00275.jpg,U3-10,1
268,00276.jpg,U3-10,4
269,00277.jpg,U3-10,3
270,00278.jpg,U3-10,4
271,00279.jpg,U3-10,3
272,00280.jpg,S,1
273,00281.jpg,U>10,3
274,00282.jpg,U>10,5
275,00283.jpg,U>10,2
276,00284.jpg,U3-10,3
277,00285.jpg,U>10,5
278,00286.jpg,U>10,5
279,00287.jpg,U>10,5
280,00288.jpg,U>10,5
281,00289.jpg,U>10,1
282,00290.jpg,U>10,3
283,00291.jpg,S,1
284,00292.jpg,S,5
285,00293.jpg,S,4
286,00294.jpg,S,3
287,00295.jpg,S,2
293,00301.jpg,AU,3
294,00302.jpg,AU,1
295,00303.jpg,AU,3
297,00305.jpg,AU,3
299,00307.jpg,E,2
300,00308.jpg,U3-10,5
301,00309.jpg,U3-10,4
302,00310.jpg,U3-10,3
303,00311.jpg,U3-10,1
304,00312.jpg,U3-10,4
305,00314.jpg,U3-10,4
306,00315.jpg,U3-10,5
307,00316.jpg,U3-10,5
308,00317.jpg,U3-10,2
309,00318.jpg,U3-10,4
310,00319.jpg,U3-10,1
311,00320.jpg,U3-10,5
312,00321.jpg,U>10,2
315,00324.jpg,E,5
316,00325.jpg,E,4
317,00326.jpg,E,3
318,00327.jpg,E,3
319,00328.jpg,E,2
320,00329.jpg,E,3
321,00330.jpg,E,1
322,00331.jpg,E,1
323,00332.jpg,E,1
339,00348.jpg,AU,4
340,00349.jpg,E,3
407,00416.jpg,U3-10,4
409,00418.jpg,U3-10,5
495,00504.jpg,AU,4
496,00505.jpg,U3-10,5
497,00506.jpg,O,2
604,00613.jpg,U>10,1
605,00614.jpg,U>10,1
606,00615.jpg,U3-10,1
607,00616.jpg,U3-10,4
608,00617.jpg,U3-10,4
609,00618.jpg,U3-10,1
610,00619.jpg,U3-10,4
611,00621.jpg,U3-10,2
612,00622.jpg,U3-10,1
613,00623.jpg,U3-10,5
614,00624.jpg,U3-10,3
615,00625.jpg,U3-10,1
616,00626.jpg,U3-10,5
617,00627.jpg,U3-10,3
618,00628.jpg,U3-10,5
619,00629.jpg,U3-10,1
620,00630.jpg,U3-10,5
621,00631.jpg,U3-10,2
622,00632.jpg,U>10,5
623,00633.jpg,U>10,2
624,00634.jpg,U3-10,5
625,00635.jpg,U3-10,2
626,00636.jpg,U3-10,1
627,00637.jpg,U3-10,2
628,00638.jpg,U3-10,5
629,00639.jpg,U3-10,4
630,00640.jpg,U3-10,2
631,00641.jpg,AU,3
632,00642.jpg,U>10,1
633,00643.jpg,U3-10,2
634,00644.jpg,U3-10,5
635,00645.jpg,AU,3
636,00646.jpg,AU,3
637,00647.jpg,U3-10,1
638,00648.jpg,U3-10,3
639,00649.jpg,U3-10,2
673,00683.jpg,S,5
674,00684.jpg,S,1
675,00685.jpg,S,1
676,00686.jpg,S,3
677,00687.jpg,S,2
678,00688.jpg,S,3
679,00689.jpg,S,1
680,00690.jpg,S,4
681,00691.jpg,S,4
682,00692.jpg,S,3
683,00693.jpg,S,4
684,00694.jpg,S,3
685,00695.jpg,S,3
686,00696.jpg,S,2
687,00697.jpg,S,2
688,00698.jpg,S,5
689,00699.jpg,S,4
690,00700.jpg,S,5
691,00701.jpg,S,3
692,00702.jpg,S,2
693,00703.jpg,O,4
697,00711.jpg,O,2
698,00712.jpg,O,3
699,00713.jpg,O,4
700,00714.jpg,O,2
701,00715.jpg,O,4
702,00716.jpg,O,5
703,00717.jpg,O,2
704,00718.jpg,O,4
705,00719.jpg,O,5
706,00720.jpg,O,5
707,00721.jpg,O,3
708,00722.jpg,O,2
709,00723.jpg,O,1
710,00724.jpg,O,5
711,00725.jpg,O,2
712,00726.jpg,O,4
713,00727.jpg,O,4
714,00728.jpg,O,1
715,00729.jpg,O,3
716,00730.jpg,O,4
717,00731.jpg,O,3
718,00732.jpg,O,1
719,00733.jpg,O,3
720,00734.jpg,O,1
721,00735.jpg,O,1
722,00736.jpg,O,5
723,00737.jpg,O,4
724,00738.jpg,S,3
725,00739.jpg,S,1
726,00740.jpg,S,5
727,00741.jpg,S,5
728,00742.jpg,S,3
729,00743.jpg,S,3
730,00744.jpg,S,1
731,00745.jpg,O,2
732,00746.jpg,O,4
733,00747.jpg,O,4
734,00748.jpg,O,5
735,00749.jpg,O,2
736,00750.jpg,O,5
737,00751.jpg,O,3
738,00752.jpg,O,5
739,00753.jpg,O,4
740,00754.jpg,O,5
741,00755.jpg,O,3
742,00756.jpg,O,5
743,00757.jpg,O,5
744,00758.jpg,O,3
745,00759.jpg,O,3
746,00760.jpg,O,5
747,00761.jpg,O,2
748,00762.jpg,O,1
749,00763.jpg,O,2
750,00764.jpg,O,5
751,00765.jpg,O,3
752,00766.jpg,O,2
753,00767.jpg,O,2
754,00768.jpg,O,3
755,00769.jpg,O,3
756,00770.jpg,O,1
757,00771.jpg,O,1
758,00772.jpg,O,3
759,00773.jpg,O,4
760,00774.jpg,O,5
761,00775.jpg,O,3
762,00776.jpg,O,1
763,00777.jpg,O,4
764,00778.jpg,U>10,3
765,00779.jpg,U>10,1
766,00780.jpg,S,5
767,00781.jpg,S,1
768,00782.jpg,U>10,4
769,00783.jpg,O,3
770,00784.jpg,U>10,3
771,00785.jpg,U>10,2
772,00786.jpg,U>10,1
773,00787.jpg,U>10,5
774,00788.jpg,S,2
775,00789.jpg,S,4
776,00790.jpg,S,4
777,00791.jpg,S,4
778,00792.jpg,S,4
779,00793.jpg,S,1
780,00794.jpg,S,4
781,00795.jpg,S,1
782,00796.jpg,S,3
783,00797.jpg,S,1
784,00798.jpg,S,1
785,00799.jpg,S,5
786,00800.jpg,U>10,4
787,00801.jpg,U>10,4
788,00802.jpg,U>10,3
789,00803.jpg,U>10,5
790,00804.jpg,U>10,4
791,00805.jpg,U>10,3
792,00806.jpg,U>10,2
793,00807.jpg,U>10,4
794,00808.jpg,U>10,5
795,00809.jpg,U3-10,2
796,00810.jpg,S,5
797,00811.jpg,S,4
798,00812.jpg,S,1
799,00813.jpg,S,1
800,00814.jpg,S,3
801,00815.jpg,S,5
802,00816.jpg,S,1
803,00817.jpg,S,4
804,00818.jpg,S,3
805,00819.jpg,S,1
806,00820.jpg,S,5
807,00821.jpg,S,4
808,00822.jpg,S,5
809,00823.jpg,S,3
810,00824.jpg,S,5
811,00825.jpg,S,1
812,00826.jpg,S,4
813,00827.jpg,S,4
814,00828.jpg,S,2
815,00829.jpg,S,2
816,00830.jpg,S,4
817,00831.jpg,S,1
818,00832.jpg,S,1
819,00833.jpg,S,5
820,00834.jpg,S,1
821,00835.jpg,S,2
822,00836.jpg,S,2
823,00837.jpg,S,4
824,00838.jpg,S,2
825,00839.jpg,S,1
826,00840.jpg,S,2
827,00841.jpg,S,3
828,00842.jpg,S,1
829,00843.jpg,S,3
830,00844.jpg,S,1
831,00845.jpg,S,5
832,00846.jpg,S,3
833,00847.jpg,U>10,4
834,00848.jpg,U>10,1
835,00849.jpg,U>10,5
836,00850.jpg,S,3
837,00851.jpg,U>10,1
838,00852.jpg,U>10,5
839,00853.jpg,S,1
840,00854.jpg,S,4
841,00855.jpg,U3-10,1
842,00856.jpg,S,2
843,00857.jpg,S,5
844,00858.jpg,S,2
845,00859.jpg,S,3
846,00860.jpg,U3-10,1
847,00861.jpg,S,5
848,00862.jpg,S,5
849,00863.jpg,S,3
850,00864.jpg,U3-10,2
851,00865.jpg,O,5
852,00866.jpg,O,5
853,00867.jpg,O,3
854,00868.jpg,O,2
855,00869.jpg,O,2
856,00870.jpg,O,3
857,00871.jpg,O,3
858,00872.jpg,O,1
859,00873.jpg,O,5
860,00874.jpg,U3-10,3
861,00875.jpg,U3-10,3
862,00876.jpg,U3-10,1
863,00877.jpg,U3-10,2
864,00878.jpg,U3-10,2
865,00879.jpg,U3-10,3
866,00880.jpg,U3-10,5
867,00881.jpg,U3-10,4
868,00882.jpg,U3-10,4
869,00883.jpg,U>10,4
870,00884.jpg,U>10,3
871,00885.jpg,U>10,4
872,00886.jpg,U>10,2
873,00887.jpg,U>10,2
874,00888.jpg,U3-10,3
875,00889.jpg,U3-10,4
876,00890.jpg,U3-10,5
877,00891.jpg,U>10,4
878,00892.jpg,O,5
879,00893.jpg,O,1
880,00894.jpg,S,3
881,00895.jpg,O,5
882,00896.jpg,O,5
883,00897.jpg,O,5
884,00898.jpg,O,4
885,00899.jpg,U3-10,4
886,00900.jpg,S,5
887,00901.jpg,S,1
888,00902.jpg,S,3
889,00903.jpg,U3-10,1
890,00904.jpg,U3-10,3
891,00905.jpg,U3-10,3
892,00906.jpg,U3-10,1
893,00907.jpg,U3-10,5
894,00908.jpg,U3-10,2
895,00909.jpg,U>10,1
896,00910.jpg,O,5
897,00911.jpg,O,2
898,00912.jpg,U3-10,3
899,00913.jpg,U3-10,2
900,00914.jpg,U>10,5
901,00915.jpg,U>10,3
902,00916.jpg,U>10,2
903,00917.jpg,U3-10,1
904,00918.jpg,U3-10,3
905,00919.jpg,U>10,1
906,00920.jpg,U>10,3
907,00921.jpg,U>10,4
908,00922.jpg,U>10,4
910,00924.jpg,S,3
911,00925.jpg,S,3
912,00926.jpg,O,2
913,00927.jpg,O,2
914,00928.jpg,O,3
915,00929.jpg,AU,4
916,00930.jpg,U3-10,4
917,00931.jpg,O,1
918,00932.jpg,U3-10,2
921,00935.jpg,U>10,2
922,00936.jpg,U>10,2
925,00939.jpg,O,5
941,00955.jpg,AU,3
942,00956.jpg,AU,1
990,01004.jpg,U3-10,1
991,01005.jpg,U3-10,5
992,01006.jpg,U3-10,2
993,01007.jpg,U3-10,1
994,01008.jpg,U>10,5
995,01009.jpg,U>10,2
996,01010.jpg,U>10,1
997,01011.jpg,U3-10,1
998,01012.jpg,E,3
999,01013.jpg,U3-10,5
1000,01014.jpg,U3-10,5
1001,01015.jpg,U3-10,4
1002,01016.jpg,U3-10,1
1003,01017.jpg,U3-10,1
1004,01018.jpg,U3-10,5
1005,01019.jpg,AU,5
1006,01020.jpg,AU,1
1007,01021.jpg,AU,2
1008,01023.jpg,E,4
1009,01024.jpg,E,1
1010,01025.jpg,E,1
1011,01026.jpg,E,2
1012,01027.jpg,E,5
1013,01028.jpg,E,3
1014,01029.jpg,E,1
1015,01030.jpg,E,5
1016,01031.jpg,E,3
1017,01032.jpg,E,2
1018,01033.jpg,E,2
1019,01034.jpg,E,3
1020,01035.jpg,E,1
1021,01036.jpg,E,5
1022,01037.jpg,E,3
1023,01038.jpg,E,3
1024,01039.jpg,E,2
1025,01040.jpg,E,5
1026,01041.jpg,E,3
1027,01042.jpg,U3-10,5
1028,01043.jpg,E,4
1029,01044.jpg,E,3
1030,01045.jpg,E,2
1031,01046.jpg,E,4
1032,01047.jpg,E,5
1033,01048.jpg,E,2
1034,01049.jpg,E,5
1035,01050.jpg,E,2
1036,01051.jpg,E,2
1037,01052.jpg,E,2
1038,01053.jpg,U3-10,3
1039,01054.jpg,U3-10,5
1040,01055.jpg,E,5
1041,01056.jpg,E,5
1042,01057.jpg,E,3
1043,01058.jpg,E,1
1044,01059.jpg,U3-10,2
1045,01060.jpg,U3-10,1
1046,01061.jpg,E,4
1059,01074.jpg,E,3
1109,01124.jpg,AU,3
1111,01126.jpg,O,5
1113,01128.jpg,U3-10,4
1128,01143.jpg,U>10,3
1129,01144.jpg,U>10,2
1130,01145.jpg,U3-10,5
1131,01146.jpg,E,3
1132,01147.jpg,U3-10,2
1133,01148.jpg,U3-10,3
1134,01149.jpg,U3-10,5
1135,01150.jpg,U3-10,2
1136,01151.jpg,U3-10,3
1137,01152.jpg,U3-10,4
1139,01154.jpg,U3-10,2
1140,01155.jpg,U3-10,5
1141,01156.jpg,U3-10,2
1142,01157.jpg,U3-10,3
1143,01158.jpg,U3-10,4
1144,01159.jpg,U3-10,1
1145,01160.jpg,U3-10,5
1146,01161.jpg,AU,2
1147,01162.jpg,AU,4
1148,01163.jpg,U3-10,4
1149,01164.jpg,AU,3
1150,01165.jpg,U3-10,1
1151,01166.jpg,U3-10,1
1152,01167.jpg,AU,4
1153,01168.jpg,AU,5
1154,01169.jpg,AU,1
1155,01170.jpg,U3-10,1
1156,01171.jpg,AU,1
1157,01172.jpg,U3-10,2
1158,01173.jpg,AU,4
1159,01174.jpg,AU,1
1160,01175.jpg,AU,1
1161,01176.jpg,AU,5
1162,01177.jpg,AU,4
1163,01178.jpg,AU,3
1164,01179.jpg,AU,4
1165,01180.jpg,AU,1
1166,01181.jpg,AU,1
1167,01182.jpg,AU,3
1168,01183.jpg,E,5
1169,01184.jpg,U3-10,3
1170,01185.jpg,U3-10,2
1171,01186.jpg,U3-10,2
1172,01187.jpg,U3-10,1
1173,01188.jpg,E,3
1174,01189.jpg,E,3
1175,01190.jpg,U3-10,4
1176,01191.jpg,U3-10,4
1177,01192.jpg,E,4
1178,01193.jpg,E,5
1179,01194.jpg,U3-10,2
1180,01195.jpg,U3-10,1
1181,01196.jpg,U3-10,1
1182,01197.jpg,AU,2
1183,01198.jpg,U3-10,3
1184,01199.jpg,U3-10,5
1185,01200.jpg,U3-10,4
1186,01201.jpg,U3-10,4
1187,01202.jpg,E,1
1188,01203.jpg,U3-10,2
1189,01204.jpg,U3-10,3
1190,01205.jpg,U3-10,5
1191,01206.jpg,U3-10,4
1192,01207.jpg,U3-10,1
1193,01208.jpg,U3-10,1
1194,01209.jpg,U3-10,1
1195,01210.jpg,E,3
1196,01211.jpg,E,2
1197,01212.jpg,E,4
1198,01213.jpg,E,1
1199,01214.jpg,AU,4
1200,01215.jpg,E,1
1201,01216.jpg,AU,1
1202,01217.jpg,U3-10,1
1203,01218.jpg,AU,4
1204,01219.jpg,AU,4
1205,01220.jpg,AU,3
1206,01221.jpg,U3-10,4
1207,01222.jpg,E,2
1208,01223.jpg,E,3
1209,01224.jpg,AU,3
1210,01225.jpg,AU,2
1211,01226.jpg,U3-10,3
1212,01227.jpg,U3-10,2
1213,01228.jpg,AU,3
1214,01229.jpg,E,4
1215,01230.jpg,AU,5
1216,01231.jpg,AU,2
1217,01232.jpg,E,5
1218,01233.jpg,AU,5
1219,01234.jpg,AU,1
1220,01235.jpg,AU,3
1221,01236.jpg,AU,1
1222,01237.jpg,AU,1
1223,01238.jpg,AU,4
1224,01239.jpg,AU,1
1225,01240.jpg,AU,2
1226,01241.jpg,AU,4
1227,01242.jpg,AU,2
1228,01243.jpg,AU,2
1229,01244.jpg,AU,5
1230,01245.jpg,AU,5
1231,01246.jpg,AU,2
1232,01247.jpg,AU,4
1233,01248.jpg,AU,4
1234,01249.jpg,AU,3
1235,01250.jpg,AU,5
1236,01251.jpg,AU,5
1237,01252.jpg,AU,3
1238,01253.jpg,AU,5
1239,01254.jpg,AU,3
1240,01255.jpg,AU,2
1241,01256.jpg,E,4
1242,01257.jpg,AU,4
1243,01258.jpg,AU,3
1244,01259.jpg,AU,3
1245,01260.jpg,AU,4
1246,01261.jpg,AU,5
1247,01262.jpg,AU,2
1248,01263.jpg,AU,1
1249,01264.jpg,AU,4
1250,01265.jpg,AU,3
1251,01266.jpg,AU,3
1252,01267.jpg,AU,3
1253,01268.jpg,AU,2
1254,01269.jpg,AU,4
1255,01270.jpg,AU,2
1262,01277.jpg,U3-10,4
1263,01278.jpg,AU,5
1264,01279.jpg,AU,5
1265,01280.jpg,AU,3
1266,01281.jpg,AU,2
1267,01282.jpg,AU,4
1332,01347.jpg,E,3
1333,01348.jpg,E,3
1334,01349.jpg,O,4
1335,01350.jpg,O,3
1336,01351.jpg,O,1
1337,01352.jpg,O,1
1338,01353.jpg,O,2
1339,01354.jpg,O,5
1340,01355.jpg,O,2
1341,01356.jpg,O,2
1342,01357.jpg,O,3
1343,01358.jpg,U3-10,5
1468,01483.jpg,O,2
1469,01484.jpg,O,2
1470,01485.jpg,O,1
1471,01486.jpg,S,2
1472,01487.jpg,S,1
1473,01488.jpg,S,3
1474,01489.jpg,U>10,2
1475,01490.jpg,U>10,4
1476,01491.jpg,U3-10,4
1477,01492.jpg,O,1
1478,01493.jpg,U>10,2
1479,01494.jpg,U3-10,3
1480,01495.jpg,U3-10,5
1481,01496.jpg,U3-10,3
1488,01503.jpg,U3-10,4
1489,01504.jpg,U>10,1
1492,01507.jpg,U3-10,1
1493,01508.jpg,O,3
1494,01509.jpg,O,5
1495,01510.jpg,O,2
1496,01511.jpg,U3-10,2
1497,01512.jpg,U3-10,1
1498,01513.jpg,U3-10,2
1499,01514.jpg,U>10,4
1500,01515.jpg,U3-10,2
1501,01516.jpg,O,5
1502,01517.jpg,U>10,1
1503,01518.jpg,U>10,5
1504,01519.jpg,O,3
1505,01520.jpg,U>10,3
1506,01521.jpg,U3-10,3
1507,01522.jpg,U3-10,3
1508,01523.jpg,U3-10,4
1509,01524.jpg,U3-10,4
1510,01525.jpg,U3-10,5
1511,01526.jpg,U3-10,5
1512,01527.jpg,U3-10,3
1513,01528.jpg,U3-10,4
1514,01529.jpg,O,1
1515,01530.jpg,U3-10,4
1516,01531.jpg,U3-10,4
1517,01532.jpg,U3-10,3
1518,01533.jpg,U3-10,1
1519,01534.jpg,U3-10,3
1520,01535.jpg,U3-10,4
1521,01536.jpg,U3-10,3
1522,01537.jpg,U3-10,3
1523,01538.jpg,U3-10,2
1524,01539.jpg,U3-10,2
1525,01540.jpg,U3-10,4
1526,01541.jpg,U3-10,2
1527,01542.jpg,U3-10,2
1528,01543.jpg,U3-10,3
1529,01544.jpg,O,2
1530,01545.jpg,U>10,1
1531,01546.jpg,U>10,1
1532,01547.jpg,U>10,4
1533,01548.jpg,U>10,3
1535,01550.jpg,U3-10,2
1536,01551.jpg,U3-10,2
1537,01552.jpg,U3-10,5
1539,01554.jpg,E,3
1540,01555.jpg,E,3
1565,01580.jpg,E,4
1566,01581.jpg,E,1
1567,01582.jpg,E,1
1568,01583.jpg,E,3
1569,01584.jpg,E,4
1570,01585.jpg,E,2
1571,01586.jpg,E,4
1572,01587.jpg,E,2
1573,01588.jpg,E,3
1574,01589.jpg,E,2
1575,01590.jpg,U3-10,5
1576,01591.jpg,E,5
1577,01592.jpg,U3-10,1
1578,01593.jpg,U3-10,1
1579,01594.jpg,U>10,1
1580,01595.jpg,O,5
1581,01596.jpg,O,3
1582,01597.jpg,O,3
1583,01598.jpg,U3-10,4
1584,01599.jpg,U3-10,5
1585,01600.jpg,U3-10,4
1620,01635.jpg,U3-10,2
1623,01638.jpg,U>10,2
1624,01639.jpg,U>10,3
1627,01642.jpg,U>10,4
1628,01643.jpg,U>10,2
1629,01644.jpg,U>10,3
1630,01645.jpg,U>10,2
1631,01646.jpg,U>10,2
1632,01647.jpg,U>10,1
1633,01648.jpg,U>10,4
1634,01649.jpg,U>10,4
1635,01650.jpg,U>10,2
1636,01651.jpg,U>10,1
1637,01652.jpg,U>10,3
1638,01653.jpg,U>10,4
1639,01654.jpg,U>10,4
1640,01655.jpg,U>10,3
1641,01656.jpg,U>10,5
1642,01657.jpg,U>10,3
1643,01658.jpg,U>10,4
1644,01659.jpg,U>10,5
1645,01660.jpg,U>10,1
1646,01661.jpg,U>10,4
1647,01662.jpg,U>10,4
1648,01663.jpg,U>10,1
1649,01664.jpg,U>10,2
1650,01665.jpg,U>10,3
1651,01666.jpg,U>10,5
1652,01667.jpg,U>10,2
1653,01668.jpg,U>10,2
1654,01669.jpg,U>10,3
1655,01670.jpg,U>10,5
1656,01671.jpg,U>10,1
1657,01672.jpg,U>10,1
1658,01673.jpg,U>10,1
1659,01674.jpg,U>10,1
1660,01675.jpg,U>10,3
1661,01676.jpg,U>10,5
1662,01677.jpg,U>10,2
1663,01678.jpg,U>10,1
1664,01679.jpg,U>10,4
1665,01680.jpg,U>10,4
1666,01681.jpg,U>10,4
1667,01682.jpg,U>10,1
1668,01683.jpg,U>10,4
1669,01684.jpg,U>10,2
1670,01685.jpg,U>10,5
1671,01686.jpg,U>10,1
1672,01687.jpg,U>10,5
1673,01688.jpg,U>10,3
1674,01689.jpg,U>10,5
1675,01690.jpg,U>10,1
1676,01691.jpg,U>10,3
1677,01692.jpg,U>10,5
1678,01693.jpg,U>10,2
1679,01694.jpg,U>10,3
1680,01695.jpg,U>10,2
1681,01696.jpg,U>10,1
1727,01742.jpg,U>10,1
1728,01743.jpg,U>10,5
1729,01744.jpg,U>10,1
1730,01745.jpg,U>10,4
1731,01746.jpg,U>10,5
1755,01770.jpg,U3-10,5
1756,01771.jpg,U3-10,2
1757,01772.jpg,U3-10,4
1758,01773.jpg,U3-10,4
1772,01787.jpg,U3-10,2
1773,01788.jpg,U3-10,1
1775,01790.jpg,U3-10,3
1789,01804.jpg,AU,5
1790,01805.jpg,AU,4
1812,01827.jpg,U>10,5
1821,01836.jpg,U3-10,4
1822,01837.jpg,U3-10,1
1823,01838.jpg,U3-10,4
1824,01839.jpg,U3-10,2
1825,01840.jpg,U3-10,2
1827,01842.jpg,U3-10,3
1828,01843.jpg,U3-10,5
1829,01844.jpg,U3-10,4
1830,01845.jpg,U3-10,3
1831,01846.jpg,U3-10,2
1832,01847.jpg,U3-10,4
1833,01848.jpg,U3-10,1
1834,01849.jpg,U3-10,1
1835,01850.jpg,U3-10,4
1836,01851.jpg,AU,4
1837,01852.jpg,U3-10,5
1838,01853.jpg,U3-10,1
1839,01854.jpg,U3-10,2
1840,01855.jpg,U3-10,5
1845,01860.jpg,U3-10,5
1846,01861.jpg,U3-10,1
1847,01862.jpg,U3-10,5
1848,01863.jpg,U3-10,4
1849,01864.jpg,U>10,3
1850,01865.jpg,U3-10,4
1851,01866.jpg,U3-10,5
1852,01867.jpg,U3-10,2
1853,01868.jpg,U3-10,1
1854,01869.jpg,U3-10,5
1855,01870.jpg,U3-10,3
1856,01871.jpg,U3-10,1
1857,01872.jpg,U3-10,5
1858,01873.jpg,U3-10,4
1859,01874.jpg,U3-10,3
1860,01875.jpg,U3-10,5
1861,01876.jpg,U3-10,5
1862,01877.jpg,U3-10,1
1863,01878.jpg,U3-10,2
1864,01879.jpg,U3-10,4
1865,01880.jpg,U3-10,4
1866,01881.jpg,U3-10,4
1867,01882.jpg,U3-10,4
1868,01883.jpg,U3-10,3
1869,01884.jpg,U3-10,5
1870,01885.jpg,U3-10,5
1871,01886.jpg,U3-10,2
1872,01887.jpg,U3-10,2
1873,01888.jpg,U3-10,2
1874,01889.jpg,U3-10,3
1875,01890.jpg,U3-10,5
1876,01891.jpg,AU,3
1877,01892.jpg,AU,2
1878,01893.jpg,AU,5
1879,01894.jpg,AU,2
1881,01896.jpg,AU,5
1882,01897.jpg,AU,2
1883,01898.jpg,AU,3
1885,01900.jpg,AU,4
1886,01901.jpg,AU,2
1887,01902.jpg,AU,4
1897,01912.jpg,AU,4
1902,01917.jpg,AU,1
1903,01918.jpg,O,1
1904,01919.jpg,O,5
1905,01920.jpg,O,4
1906,01921.jpg,O,3
1907,01922.jpg,U3-10,1
1908,01923.jpg,U3-10,3
1909,01924.jpg,U3-10,1
1910,01925.jpg,E,3
1911,01926.jpg,E,2
1912,01927.jpg,U3-10,4
1913,01928.jpg,AU,3
1914,01929.jpg,U3-10,3
1921,01936.jpg,E,5
1981,01996.jpg,AU,5
1983,01998.jpg,U3-10,5
1984,01999.jpg,U3-10,1
1985,02000.jpg,O,2
1986,02001.jpg,U>10,5
1987,02002.jpg,O,1
1988,02003.jpg,U3-10,5
1989,02004.jpg,U3-10,3
1990,02005.jpg,U3-10,1
1991,02006.jpg,U>10,2
1992,02007.jpg,U>10,5
1993,02008.jpg,U3-10,3
1994,02009.jpg,U3-10,3
1995,02010.jpg,U3-10,2
1996,02011.jpg,U>10,5
1997,02012.jpg,U3-10,3
1998,02013.jpg,U>10,1
1999,02014.jpg,U>10,1
2000,02015.jpg,U>10,3
2001,02016.jpg,U>10,4
2002,02017.jpg,U3-10,2
2003,02018.jpg,U3-10,5
2004,02019.jpg,U3-10,1
2005,02020.jpg,AU,5
2006,02021.jpg,AU,2
2007,02022.jpg,AU,4
2008,02023.jpg,AU,5
2009,02024.jpg,E,4
2010,02025.jpg,AU,5
2011,02026.jpg,AU,2
2012,02027.jpg,AU,5
2013,02028.jpg,AU,4
2014,02029.jpg,AU,4
2015,02030.jpg,AU,4
2016,02031.jpg,AU,5
2017,02032.jpg,AU,4
2018,02033.jpg,AU,2
2019,02034.jpg,AU,1
2020,02035.jpg,AU,5
2021,02036.jpg,AU,2
2022,02037.jpg,AU,3
2023,02038.jpg,AU,1
2024,02039.jpg,AU,2
2025,02040.jpg,AU,2
2026,02041.jpg,AU,4
2027,02042.jpg,AU,4
2028,02043.jpg,AU,2
2029,02044.jpg,AU,1
2030,02045.jpg,AU,4
2031,02046.jpg,AU,4
2032,02047.jpg,AU,1
2033,02048.jpg,AU,2
2034,02049.jpg,AU,2
2035,02050.jpg,AU,1
2036,02051.jpg,AU,2
2037,02052.jpg,AU,2
2038,02053.jpg,AU,4
2039,02054.jpg,AU,2
2040,02055.jpg,U3-10,3
2041,02056.jpg,AU,1
2042,02057.jpg,AU,4
2043,02058.jpg,AU,3
2044,02059.jpg,U3-10,1
2045,02060.jpg,U3-10,3
2046,02061.jpg,U3-10,2
2047,02062.jpg,AU,1
2048,02063.jpg,AU,2
2049,02064.jpg,U3-10,1
2050,02065.jpg,U3-10,2
2051,02066.jpg,U3-10,4
2052,02067.jpg,AU,5
2053,02068.jpg,U3-10,1
2054,02069.jpg,AU,4
2055,02070.jpg,AU,5
2056,02071.jpg,U3-10,1
2057,02072.jpg,U3-10,2
2058,02073.jpg,U3-10,4
2059,02074.jpg,U3-10,5
2060,02075.jpg,U3-10,1
2061,02076.jpg,U3-10,2
2062,02077.jpg,U3-10,2
2063,02078.jpg,U3-10,5
2064,02079.jpg,U3-10,4
2065,02080.jpg,U3-10,5
2066,02081.jpg,U3-10,5
2067,02082.jpg,U3-10,2
2068,02083.jpg,U3-10,4
2069,02084.jpg,U3-10,1
2070,02085.jpg,U3-10,2
2071,02086.jpg,U3-10,3
2072,02087.jpg,U3-10,2
2073,02088.jpg,U3-10,1
2074,02089.jpg,U3-10,1
2075,02090.jpg,U3-10,5
2076,02091.jpg,U3-10,3
2077,02092.jpg,U3-10,1
2078,02093.jpg,O,4
2079,02094.jpg,O,2
2080,02095.jpg,U3-10,2
2081,02096.jpg,U3-10,2
2082,02097.jpg,AU,1
2083,02098.jpg,AU,4
2084,02099.jpg,AU,1
2085,02100.jpg,AU,4
2086,02101.jpg,E,2
2095,02110.jpg,E,5
2096,02111.jpg,E,2
2098,02113.jpg,E,4
2099,02114.jpg,E,5
2100,02115.jpg,E,1
2101,02116.jpg,E,4
2102,02117.jpg,E,3
2104,02119.jpg,E,1
2105,02120.jpg,E,4
2106,02121.jpg,E,3
2109,02124.jpg,O,3
2441,02456.jpg,O,4
2442,02457.jpg,O,1
2443,02458.jpg,O,1
2444,02459.jpg,O,2
2445,02460.jpg,O,2
2446,02461.jpg,O,1
2447,02462.jpg,O,1
2448,02463.jpg,E,5
2449,02464.jpg,E,2
2452,02467.jpg,E,3
2453,02468.jpg,E,5
2454,02469.jpg,E,4
2457,02472.jpg,E,5
2458,02473.jpg,E,1
2460,02475.jpg,U3-10,5
2461,02476.jpg,U3-10,5
2462,02477.jpg,U3-10,2
2463,02478.jpg,E,2
2464,02479.jpg,E,5
2467,02482.jpg,E,1
2468,02483.jpg,E,3
2476,02491.jpg,E,3
2477,02492.jpg,E,1
2520,02535.jpg,U3-10,4
2521,02536.jpg,U3-10,5
2522,02537.jpg,U3-10,1
2523,02538.jpg,O,1
2524,02539.jpg,U3-10,5
2525,02540.jpg,U3-10,3
2526,02541.jpg,U3-10,5
2527,02542.jpg,U3-10,2
2528,02543.jpg,U3-10,4
2529,02544.jpg,U3-10,3
2530,02545.jpg,U3-10,1
2531,02546.jpg,U3-10,2
2532,02547.jpg,U3-10,4
2533,02548.jpg,U>10,5
2534,02549.jpg,U3-10,4
2535,02550.jpg,U3-10,2
2536,02551.jpg,U>10,2
2537,02552.jpg,U>10,5
2538,02553.jpg,U>10,2
2539,02554.jpg,U>10,5
2540,02555.jpg,U>10,1
2541,02556.jpg,U>10,2
2542,02557.jpg,U>10,1
2543,02558.jpg,U>10,5
2544,02559.jpg,U>10,4
2545,02560.jpg,U3-10,1
2546,02561.jpg,U3-10,3
2547,02562.jpg,U3-10,1
2548,02563.jpg,U3-10,4
2549,02564.jpg,U3-10,1
2550,02565.jpg,U3-10,4
2551,02566.jpg,U3-10,2
2552,02567.jpg,U3-10,3
2553,02568.jpg,U3-10,1
2554,02569.jpg,U3-10,3
2555,02570.jpg,U3-10,1
2556,02571.jpg,U3-10,3
2557,02572.jpg,U3-10,4
2558,02573.jpg,U>10,2
2559,02574.jpg,U>10,4
2560,02575.jpg,U>10,3
2561,02576.jpg,U>10,5
2562,02577.jpg,U>10,3
2563,02578.jpg,U>10,1
2582,02597.jpg,AU,2
2583,02598.jpg,U3-10,2
2585,02600.jpg,U3-10,3
2586,02601.jpg,U3-10,4
2587,02602.jpg,U3-10,5
2588,02603.jpg,U3-10,5
2589,02604.jpg,U3-10,2
2590,02605.jpg,U3-10,2
2592,02607.jpg,U3-10,4
2593,02608.jpg,U3-10,2
2594,02609.jpg,U3-10,4
2599,02614.jpg,AU,2
2600,02615.jpg,AU,2
2601,02616.jpg,AU,2
2602,02617.jpg,AU,3
2604,02619.jpg,AU,4
2648,02663.jpg,AU,5
2649,02664.jpg,AU,3
2650,02665.jpg,AU,2
2651,02666.jpg,AU,3
2652,02667.jpg,AU,4
2653,02668.jpg,AU,1
2655,02670.jpg,AU,1
2656,02671.jpg,AU,2
2657,02672.jpg,AU,3
2752,02767.jpg,U3-10,2
2753,02768.jpg,AU,3
2754,02769.jpg,AU,2
2755,02770.jpg,U3-10,4
2758,02773.jpg,AU,3
2759,02774.jpg,AU,3
2760,02775.jpg,AU,2
2761,02776.jpg,AU,5
2762,02777.jpg,AU,2
2802,02817.jpg,O,5
2816,02831.jpg,U>10,1
2817,02832.jpg,U>10,5
2818,02833.jpg,U>10,1
2819,02834.jpg,U>10,5
2820,02835.jpg,U>10,3
2821,02836.jpg,U>10,4
2822,02837.jpg,U>10,1
2823,02838.jpg,U>10,5
2825,02840.jpg,U>10,2
2826,02841.jpg,U>10,4
2827,02842.jpg,U>10,2
2828,02843.jpg,U>10,4
2829,02844.jpg,U3-10,4
2835,02850.jpg,U>10,2
2836,02851.jpg,U>10,5
2837,02852.jpg,U>10,3
2838,02853.jpg,U>10,4
2839,02854.jpg,U>10,2
2840,02855.jpg,U3-10,4
2841,02856.jpg,U3-10,1
2842,02857.jpg,U>10,3
2843,02858.jpg,U>10,1
2844,02859.jpg,U>10,4
2845,02860.jpg,U>10,3
2846,02861.jpg,U>10,3
2847,02862.jpg,U>10,2
2848,02863.jpg,U3-10,4
2849,02864.jpg,U>10,4
2850,02865.jpg,U>10,5
2851,02866.jpg,U>10,4
2852,02867.jpg,U>10,3
2853,02868.jpg,U3-10,4
2854,02869.jpg,U3-10,1
2855,02870.jpg,U>10,4
2856,02871.jpg,U>10,2
2857,02872.jpg,U>10,1
2858,02873.jpg,U>10,3
2859,02874.jpg,U>10,4
2860,02875.jpg,U3-10,5
2861,02876.jpg,U>10,3
2862,02877.jpg,U>10,2
2863,02878.jpg,U>10,2
2864,02879.jpg,U>10,2
2865,02880.jpg,U>10,4
2866,02881.jpg,U>10,1
2867,02882.jpg,U>10,2
2868,02883.jpg,U>10,1
2869,02884.jpg,U>10,1
2870,02885.jpg,U>10,2
2871,02886.jpg,U>10,1
2872,02887.jpg,U>10,3
2873,02888.jpg,U>10,3
2874,02889.jpg,U>10,5
2875,02890.jpg,U>10,2
2876,02891.jpg,U>10,5
2877,02892.jpg,U>10,5
2878,02893.jpg,U3-10,5
2879,02894.jpg,U>10,4
2880,02895.jpg,U>10,1
2881,02896.jpg,AU,3
2882,02897.jpg,AU,5
2883,02898.jpg,AU,5
2884,02899.jpg,AU,2
2885,02900.jpg,U>10,5
2886,02901.jpg,U3-10,4
2887,02902.jpg,U3-10,3
2888,02903.jpg,U3-10,1
2889,02904.jpg,U3-10,1
2890,02905.jpg,U3-10,5
2891,02906.jpg,U>10,2
2892,02907.jpg,U>10,5
2893,02908.jpg,U>10,2
2894,02909.jpg,U>10,5
2895,02910.jpg,U>10,2
2896,02911.jpg,U3-10,4
2897,02912.jpg,U>10,3
2898,02913.jpg,U>10,3
2899,02914.jpg,U>10,3
2900,02915.jpg,U>10,4
2901,02916.jpg,U>10,2
2902,02917.jpg,U>10,5
2903,02918.jpg,U>10,4
2904,02919.jpg,U>10,2
2905,02920.jpg,U>10,2
2906,02921.jpg,U>10,4
2907,02922.jpg,U>10,1
2908,02923.jpg,U>10,3
2909,02924.jpg,U>10,5
2910,02925.jpg,U>10,3
2911,02926.jpg,U>10,4
2912,02927.jpg,U>10,2
2913,02928.jpg,U>10,3
2914,02929.jpg,U>10,5
2915,02930.jpg,U>10,5
2916,02931.jpg,U>10,2
2917,02932.jpg,U>10,1
2918,02933.jpg,AU,4
2919,02934.jpg,AU,2
2920,02935.jpg,AU,5
2921,02936.jpg,AU,5
2922,02937.jpg,U3-10,5
2944,02959.jpg,U3-10,5
2945,02960.jpg,AU,2
2946,02961.jpg,AU,1
2955,02970.jpg,AU,5
2956,02971.jpg,AU,5
2957,02972.jpg,AU,1
2958,02973.jpg,AU,4
2959,02974.jpg,AU,1
2960,02975.jpg,AU,5
2961,02976.jpg,U3-10,2
2962,02977.jpg,AU,2
2963,02978.jpg,AU,3
2964,02979.jpg,AU,5
2965,02980.jpg,AU,3
2966,02981.jpg,AU,2
2967,02982.jpg,AU,1
2968,02983.jpg,AU,5
2969,02984.jpg,AU,3
2970,02985.jpg,AU,2
2971,02986.jpg,AU,3
2972,02987.jpg,AU,4
2973,02988.jpg,AU,3
2974,02989.jpg,AU,5
2975,02990.jpg,AU,3
2976,02991.jpg,AU,5
2978,02993.jpg,E,2
3037,03052.jpg,U3-10,3
3085,03100.jpg,O,5
3088,03103.jpg,U3-10,2
3089,03104.jpg,S,4
3090,03105.jpg,U>10,2
3091,03106.jpg,U>10,5
3093,03108.jpg,U>10,4
3094,03109.jpg,S,4
3095,03110.jpg,U>10,4
3096,03111.jpg,S,3
3097,03112.jpg,S,2
3098,03113.jpg,S,1
3099,03114.jpg,S,2
3100,03115.jpg,U>10,3
3101,03116.jpg,U>10,3
3102,03117.jpg,S,4
3103,03118.jpg,U>10,4
3104,03119.jpg,U>10,2
3105,03120.jpg,U>10,5
3106,03121.jpg,U3-10,3
3107,03122.jpg,U3-10,4
3108,03123.jpg,U3-10,1
3109,03124.jpg,U3-10,4
3110,03125.jpg,U3-10,4
3111,03126.jpg,U3-10,5
3112,03127.jpg,U3-10,5
3113,03128.jpg,U3-10,1
3114,03129.jpg,U3-10,4
3115,03130.jpg,U>10,5
3116,03131.jpg,U>10,4
3117,03132.jpg,U3-10,2
3118,03133.jpg,U3-10,2
3119,03134.jpg,U3-10,2
3120,03135.jpg,U3-10,3
3121,03136.jpg,U>10,5
3122,03137.jpg,U3-10,3
3123,03138.jpg,U3-10,4
3124,03139.jpg,U3-10,5
3125,03140.jpg,U3-10,3
3126,03141.jpg,O,1
3127,03142.jpg,U3-10,1
3128,03143.jpg,U3-10,3
3129,03144.jpg,U3-10,1
3130,03145.jpg,U3-10,2
3131,03146.jpg,O,1
3141,03156.jpg,E,3
3223,03238.jpg,U>10,3
3224,03239.jpg,U>10,2
3226,03241.jpg,AU,3
3227,03242.jpg,AU,2
3258,03273.jpg,E,1
3259,03274.jpg,E,4
3260,03275.jpg,E,3
3261,03276.jpg,E,5
3263,03278.jpg,AU,2
3264,03279.jpg,AU,1
3265,03280.jpg,E,1
3266,03281.jpg,E,2
3271,03286.jpg,AU,5
3272,03287.jpg,AU,5
3273,03288.jpg,AU,2
3274,03289.jpg,AU,2
3275,03290.jpg,U3-10,1
3276,03291.jpg,U3-10,1
3279,03294.jpg,U3-10,1
3280,03295.jpg,U3-10,5
3286,03301.jpg,AU,1
3289,03304.jpg,AU,1
3290,03305.jpg,AU,1
3291,03306.jpg,AU,2
3292,03307.jpg,AU,1
3293,03308.jpg,AU,5
3294,03309.jpg,AU,3
3295,03310.jpg,AU,5
3296,03311.jpg,AU,2
3297,03312.jpg,AU,3
3298,03313.jpg,AU,3
3314,03329.jpg,E,2
3316,03331.jpg,E,3
3325,03340.jpg,U3-10,1
3326,03341.jpg,U3-10,5
3327,03342.jpg,U3-10,3
3328,03343.jpg,U3-10,2
3329,03344.jpg,U3-10,3
3330,03345.jpg,AU,5
3331,03346.jpg,U3-10,2
3332,03347.jpg,AU,5
3333,03348.jpg,AU,1
3334,03349.jpg,AU,5
3335,03350.jpg,AU,2
3336,03351.jpg,O,3
3337,03352.jpg,AU,4
3338,03353.jpg,U3-10,4
3350,03365.jpg,E,4
3351,03366.jpg,U3-10,5
3355,03370.jpg,U>10,4
3358,03373.jpg,U3-10,2
3359,03374.jpg,E,3
3360,03375.jpg,O,5
3362,03377.jpg,E,4
3369,03384.jpg,U>10,4
3381,03396.jpg,E,4
3384,03399.jpg,S,5
3387,03402.jpg,S,3
3392,03407.jpg,AU,4
3394,03409.jpg,O,2
3395,03410.jpg,AU,1
3396,03411.jpg,AU,4
3404,03419.jpg,U3-10,5
3408,03423.jpg,E,2
3411,03426.jpg,O,3
3422,03437.jpg,AU,4
3434,03449.jpg,U3-10,1
3435,03450.jpg,O,1
3440,03455.jpg,U>10,1
3445,03460.jpg,AU,1
3455,03470.jpg,AU,5
3462,03477.jpg,U3-10,3
3463,03478.jpg,AU,1
3467,03482.jpg,AU,3
3478,03493.jpg,U3-10,1
3480,03495.jpg,E,4
3482,03497.jpg,U3-10,3
