,0,1,2,3,4,5,6,7
0,0.0,0.0,0.0,0.0,0.0,1.0,00021.jpg,4
1,0.0,0.0,0.0,0.0,0.0,1.0,00022.jpg,5
2,0.0,0.0,0.0,0.0,0.0,1.0,00023.jpg,2
3,0.0,0.0,0.0,0.0,0.0,1.0,00024.jpg,1
4,0.0,0.0,0.0,0.0,0.0,1.0,00025.jpg,2
5,0.0,0.0,0.0,0.0,0.0,1.0,00026.jpg,5
6,0.0,0.0,0.0,0.0,0.0,1.0,00027.jpg,4
7,0.0,0.0,0.0,0.0,0.0,1.0,00028.jpg,4
8,0.0,0.0,0.0,0.0,0.0,1.0,00029.jpg,4
9,0.0,0.0,0.0,0.0,0.0,1.0,00030.jpg,5
10,0.0,0.0,0.0,0.0,0.0,1.0,00031.jpg,2
11,0.0,0.0,0.0,0.0,0.0,1.0,00032.jpg,5
12,0.0,0.0,0.0,0.0,0.0,1.0,00033.jpg,2
13,0.0,0.0,0.0,0.0,0.0,1.0,00034.jpg,5
14,0.0,0.0,0.0,0.0,0.0,1.0,00035.jpg,3
15,0.0,0.0,0.0,0.0,0.0,1.0,00036.jpg,5
16,0.0,0.0,0.0,0.0,1.0,0.0,00037.jpg,3
17,0.0,1.0,0.0,0.0,0.0,0.0,00038.jpg,2
18,1.0,0.0,0.0,0.0,0.0,0.0,00041.jpg,4
19,0.0,0.0,0.0,0.0,1.0,0.0,00043.jpg,2
20,1.0,0.0,0.0,0.0,0.0,0.0,00044.jpg,4
21,1.0,0.0,0.0,0.0,0.0,0.0,00045.jpg,5
22,1.0,0.0,0.0,0.0,0.0,0.0,00046.jpg,3
23,1.0,0.0,0.0,0.0,0.0,0.0,00047.jpg,2
24,1.0,0.0,0.0,0.0,0.0,0.0,00048.jpg,4
25,1.0,0.0,0.0,0.0,0.0,0.0,00049.jpg,5
26,1.0,0.0,0.0,0.0,0.0,0.0,00050.jpg,3
27,1.0,0.0,0.0,0.0,0.0,0.0,00051.jpg,5
28,0.0,0.0,0.0,0.0,1.0,0.0,00072.jpg,2
29,0.0,0.0,1.0,0.0,0.0,0.0,00098.jpg,5
30,0.0,0.0,1.0,0.0,0.0,0.0,00099.jpg,5
31,0.0,1.0,0.0,0.0,0.0,0.0,00112.jpg,1
32,0.0,0.0,0.0,0.0,1.0,0.0,00159.jpg,1
33,0.0,0.0,0.0,0.0,1.0,0.0,00160.jpg,1
34,0.0,0.0,0.0,1.0,0.0,0.0,00161.jpg,2
35,0.0,0.0,0.0,1.0,0.0,0.0,00162.jpg,1
36,0.0,0.0,0.0,1.0,0.0,0.0,00163.jpg,2
37,0.0,0.0,0.0,1.0,0.0,0.0,00164.jpg,5
38,0.0,0.0,0.0,1.0,0.0,0.0,00165.jpg,4
39,0.0,0.0,0.0,1.0,0.0,0.0,00166.jpg,1
40,0.0,0.0,0.0,1.0,0.0,0.0,00167.jpg,2
41,0.0,0.0,0.0,1.0,0.0,0.0,00168.jpg,1
42,0.0,0.0,0.0,1.0,0.0,0.0,00169.jpg,5
43,0.0,0.0,0.0,1.0,0.0,0.0,00171.jpg,2
44,0.0,0.0,0.0,1.0,0.0,0.0,00172.jpg,3
45,0.0,0.0,0.0,1.0,0.0,0.0,00173.jpg,4
46,0.0,0.0,0.0,1.0,0.0,0.0,00174.jpg,4
47,0.0,0.0,1.0,0.0,0.0,0.0,00175.jpg,3
48,0.0,0.0,0.0,1.0,0.0,0.0,00176.jpg,5
49,0.0,0.0,0.0,1.0,0.0,0.0,00177.jpg,4
50,0.0,0.0,0.0,1.0,0.0,0.0,00178.jpg,4
51,0.0,0.0,0.0,0.0,1.0,0.0,00179.jpg,2
52,0.0,0.0,0.0,0.0,1.0,0.0,00180.jpg,3
53,0.0,0.0,0.0,0.0,1.0,0.0,00181.jpg,4
54,0.0,0.0,0.0,0.0,1.0,0.0,00183.jpg,4
55,0.0,0.0,0.0,0.0,1.0,0.0,00186.jpg,3
56,0.0,0.0,0.0,0.0,1.0,0.0,00187.jpg,5
57,0.0,0.0,0.0,0.0,1.0,0.0,00188.jpg,3
58,1.0,0.0,0.0,0.0,0.0,0.0,00193.jpg,3
59,0.0,0.0,0.0,0.0,1.0,0.0,00194.jpg,2
60,0.0,0.0,0.0,1.0,0.0,0.0,00195.jpg,4
61,0.0,0.0,0.0,0.0,1.0,0.0,00196.jpg,2
62,0.0,0.0,0.0,1.0,0.0,0.0,00197.jpg,2
63,0.0,0.0,0.0,0.0,1.0,0.0,00198.jpg,2
64,0.0,0.0,1.0,0.0,0.0,0.0,00204.jpg,1
65,1.0,0.0,0.0,0.0,0.0,0.0,00205.jpg,2
66,1.0,0.0,0.0,0.0,0.0,0.0,00206.jpg,1
67,1.0,0.0,0.0,0.0,0.0,0.0,00207.jpg,2
68,0.0,0.0,0.0,0.0,1.0,0.0,00208.jpg,5
69,0.0,0.0,0.0,0.0,1.0,0.0,00209.jpg,2
70,0.0,0.0,0.0,0.0,1.0,0.0,00212.jpg,4
71,1.0,0.0,0.0,0.0,0.0,0.0,00214.jpg,5
72,1.0,0.0,0.0,0.0,0.0,0.0,00215.jpg,5
73,1.0,0.0,0.0,0.0,0.0,0.0,00217.jpg,2
74,0.0,0.0,0.0,0.0,1.0,0.0,00218.jpg,1
75,0.0,0.0,0.0,0.0,1.0,0.0,00220.jpg,5
76,0.0,0.0,1.0,0.0,0.0,0.0,00234.jpg,3
77,0.0,0.0,0.0,0.0,0.0,1.0,00235.jpg,4
78,0.0,0.0,0.0,0.0,0.0,1.0,00236.jpg,1
79,0.0,0.0,0.0,0.0,0.0,1.0,00237.jpg,4
80,0.0,0.0,0.0,0.0,0.0,1.0,00238.jpg,5
81,0.0,0.0,0.0,0.0,0.0,1.0,00239.jpg,3
82,0.0,0.0,0.0,0.0,0.0,1.0,00240.jpg,2
83,0.0,0.0,1.0,0.0,0.0,0.0,00241.jpg,5
84,0.0,0.0,1.0,0.0,0.0,0.0,00242.jpg,3
85,0.0,0.0,0.0,0.0,1.0,0.0,00243.jpg,3
86,0.0,0.0,0.0,0.0,0.0,1.0,00244.jpg,5
87,0.0,0.0,1.0,0.0,0.0,0.0,00245.jpg,1
88,0.0,0.0,0.0,0.0,0.0,1.0,00246.jpg,2
89,0.0,0.0,0.0,0.0,0.0,1.0,00247.jpg,3
90,0.0,0.0,1.0,0.0,0.0,0.0,00249.jpg,1
91,0.0,0.0,1.0,0.0,0.0,0.0,00250.jpg,2
92,0.0,0.0,1.0,0.0,0.0,0.0,00251.jpg,3
93,0.0,0.0,0.0,0.0,0.0,1.0,00252.jpg,5
94,0.0,0.0,0.0,0.0,0.0,1.0,00253.jpg,3
95,0.0,0.0,0.0,0.0,0.0,1.0,00254.jpg,5
96,0.0,0.0,0.0,0.0,0.0,1.0,00255.jpg,3
97,0.0,0.0,0.0,0.0,0.0,1.0,00256.jpg,4
98,0.0,0.0,0.0,0.0,0.0,1.0,00257.jpg,5
99,0.0,0.0,0.0,0.0,0.0,1.0,00258.jpg,3
100,0.0,0.0,0.0,0.0,0.0,1.0,00259.jpg,4
101,0.0,0.0,0.0,0.0,0.0,1.0,00260.jpg,1
102,0.0,0.0,0.0,0.0,0.0,1.0,00261.jpg,2
103,0.0,0.0,0.0,0.0,0.0,1.0,00262.jpg,4
104,0.0,0.0,0.0,0.0,0.0,1.0,00263.jpg,5
105,0.0,0.0,0.0,0.0,0.0,1.0,00264.jpg,3
106,0.0,0.0,0.0,0.0,0.0,1.0,00265.jpg,1
107,0.0,0.0,0.0,0.0,0.0,1.0,00266.jpg,4
108,0.0,0.0,0.0,0.0,0.0,1.0,00267.jpg,5
109,0.0,0.0,0.0,0.0,0.0,1.0,00268.jpg,5
110,0.0,0.0,0.0,0.0,0.0,1.0,00269.jpg,2
111,0.0,0.0,0.0,0.0,0.0,1.0,00270.jpg,4
112,0.0,0.0,1.0,0.0,0.0,0.0,00271.jpg,5
113,0.0,0.0,1.0,0.0,0.0,0.0,00272.jpg,1
114,0.0,0.0,1.0,0.0,0.0,0.0,00273.jpg,1
115,0.0,0.0,0.0,0.0,1.0,0.0,00274.jpg,3
116,0.0,0.0,0.0,0.0,1.0,0.0,00275.jpg,1
117,0.0,0.0,0.0,0.0,1.0,0.0,00276.jpg,4
118,0.0,0.0,0.0,0.0,1.0,0.0,00277.jpg,3
119,0.0,0.0,0.0,0.0,1.0,0.0,00278.jpg,4
120,0.0,0.0,0.0,0.0,1.0,0.0,00279.jpg,3
121,0.0,0.0,0.0,1.0,0.0,0.0,00280.jpg,1
122,0.0,0.0,0.0,0.0,0.0,1.0,00281.jpg,3
123,0.0,0.0,0.0,0.0,0.0,1.0,00282.jpg,5
124,0.0,0.0,0.0,0.0,0.0,1.0,00283.jpg,2
125,0.0,0.0,0.0,0.0,1.0,0.0,00284.jpg,3
126,0.0,0.0,0.0,0.0,0.0,1.0,00285.jpg,5
127,0.0,0.0,0.0,0.0,0.0,1.0,00286.jpg,5
128,0.0,0.0,0.0,0.0,0.0,1.0,00287.jpg,5
129,0.0,0.0,0.0,0.0,0.0,1.0,00288.jpg,5
130,0.0,0.0,0.0,0.0,0.0,1.0,00289.jpg,1
131,0.0,0.0,0.0,0.0,0.0,1.0,00290.jpg,3
132,0.0,0.0,0.0,1.0,0.0,0.0,00291.jpg,1
133,0.0,0.0,0.0,1.0,0.0,0.0,00292.jpg,5
134,0.0,0.0,0.0,1.0,0.0,0.0,00293.jpg,4
135,0.0,0.0,0.0,1.0,0.0,0.0,00294.jpg,3
136,0.0,0.0,0.0,1.0,0.0,0.0,00295.jpg,2
137,1.0,0.0,0.0,0.0,0.0,0.0,00301.jpg,3
138,1.0,0.0,0.0,0.0,0.0,0.0,00302.jpg,1
139,1.0,0.0,0.0,0.0,0.0,0.0,00303.jpg,3
140,1.0,0.0,0.0,0.0,0.0,0.0,00305.jpg,3
141,0.0,1.0,0.0,0.0,0.0,0.0,00307.jpg,2
142,0.0,0.0,0.0,0.0,1.0,0.0,00308.jpg,5
143,0.0,0.0,0.0,0.0,1.0,0.0,00309.jpg,4
144,0.0,0.0,0.0,0.0,1.0,0.0,00310.jpg,3
145,0.0,0.0,0.0,0.0,1.0,0.0,00311.jpg,1
146,0.0,0.0,0.0,0.0,1.0,0.0,00312.jpg,4
147,0.0,0.0,0.0,0.0,1.0,0.0,00314.jpg,4
148,0.0,0.0,0.0,0.0,1.0,0.0,00315.jpg,5
149,0.0,0.0,0.0,0.0,1.0,0.0,00316.jpg,5
150,0.0,0.0,0.0,0.0,1.0,0.0,00317.jpg,2
151,0.0,0.0,0.0,0.0,1.0,0.0,00318.jpg,4
152,0.0,0.0,0.0,0.0,1.0,0.0,00319.jpg,1
153,0.0,0.0,0.0,0.0,1.0,0.0,00320.jpg,5
154,0.0,0.0,0.0,0.0,0.0,1.0,00321.jpg,2
155,0.0,1.0,0.0,0.0,0.0,0.0,00324.jpg,5
156,0.0,1.0,0.0,0.0,0.0,0.0,00325.jpg,4
157,0.0,1.0,0.0,0.0,0.0,0.0,00326.jpg,3
158,0.0,1.0,0.0,0.0,0.0,0.0,00327.jpg,3
159,0.0,1.0,0.0,0.0,0.0,0.0,00328.jpg,2
160,0.0,1.0,0.0,0.0,0.0,0.0,00329.jpg,3
161,0.0,1.0,0.0,0.0,0.0,0.0,00330.jpg,1
162,0.0,1.0,0.0,0.0,0.0,0.0,00331.jpg,1
163,0.0,1.0,0.0,0.0,0.0,0.0,00332.jpg,1
164,1.0,0.0,0.0,0.0,0.0,0.0,00348.jpg,4
165,0.0,1.0,0.0,0.0,0.0,0.0,00349.jpg,3
166,0.0,0.0,0.0,0.0,1.0,0.0,00416.jpg,4
167,0.0,0.0,0.0,0.0,1.0,0.0,00418.jpg,5
168,1.0,0.0,0.0,0.0,0.0,0.0,00504.jpg,4
169,0.0,0.0,0.0,0.0,1.0,0.0,00505.jpg,5
170,0.0,0.0,1.0,0.0,0.0,0.0,00506.jpg,2
171,0.0,0.0,0.0,0.0,0.0,1.0,00613.jpg,1
172,0.0,0.0,0.0,0.0,0.0,1.0,00614.jpg,1
173,0.0,0.0,0.0,0.0,1.0,0.0,00615.jpg,1
174,0.0,0.0,0.0,0.0,1.0,0.0,00616.jpg,4
175,0.0,0.0,0.0,0.0,1.0,0.0,00617.jpg,4
176,0.0,0.0,0.0,0.0,1.0,0.0,00618.jpg,1
177,0.0,0.0,0.0,0.0,1.0,0.0,00619.jpg,4
178,0.0,0.0,0.0,0.0,1.0,0.0,00621.jpg,2
179,0.0,0.0,0.0,0.0,1.0,0.0,00622.jpg,1
180,0.0,0.0,0.0,0.0,1.0,0.0,00623.jpg,5
181,0.0,0.0,0.0,0.0,1.0,0.0,00624.jpg,3
182,0.0,0.0,0.0,0.0,1.0,0.0,00625.jpg,1
183,0.0,0.0,0.0,0.0,1.0,0.0,00626.jpg,5
184,0.0,0.0,0.0,0.0,1.0,0.0,00627.jpg,3
185,0.0,0.0,0.0,0.0,1.0,0.0,00628.jpg,5
186,0.0,0.0,0.0,0.0,1.0,0.0,00629.jpg,1
187,0.0,0.0,0.0,0.0,1.0,0.0,00630.jpg,5
188,0.0,0.0,0.0,0.0,1.0,0.0,00631.jpg,2
189,0.0,0.0,0.0,0.0,0.0,1.0,00632.jpg,5
190,0.0,0.0,0.0,0.0,0.0,1.0,00633.jpg,2
191,0.0,0.0,0.0,0.0,1.0,0.0,00634.jpg,5
192,0.0,0.0,0.0,0.0,1.0,0.0,00635.jpg,2
193,0.0,0.0,0.0,0.0,1.0,0.0,00636.jpg,1
194,0.0,0.0,0.0,0.0,1.0,0.0,00637.jpg,2
195,0.0,0.0,0.0,0.0,1.0,0.0,00638.jpg,5
196,0.0,0.0,0.0,0.0,1.0,0.0,00639.jpg,4
197,0.0,0.0,0.0,0.0,1.0,0.0,00640.jpg,2
198,1.0,0.0,0.0,0.0,0.0,0.0,00641.jpg,3
199,0.0,0.0,0.0,0.0,0.0,1.0,00642.jpg,1
200,0.0,0.0,0.0,0.0,1.0,0.0,00643.jpg,2
201,0.0,0.0,0.0,0.0,1.0,0.0,00644.jpg,5
202,1.0,0.0,0.0,0.0,0.0,0.0,00645.jpg,3
203,1.0,0.0,0.0,0.0,0.0,0.0,00646.jpg,3
204,0.0,0.0,0.0,0.0,1.0,0.0,00647.jpg,1
205,0.0,0.0,0.0,0.0,1.0,0.0,00648.jpg,3
206,0.0,0.0,0.0,0.0,1.0,0.0,00649.jpg,2
207,0.0,0.0,0.0,1.0,0.0,0.0,00683.jpg,5
208,0.0,0.0,0.0,1.0,0.0,0.0,00684.jpg,1
209,0.0,0.0,0.0,1.0,0.0,0.0,00685.jpg,1
210,0.0,0.0,0.0,1.0,0.0,0.0,00686.jpg,3
211,0.0,0.0,0.0,1.0,0.0,0.0,00687.jpg,2
212,0.0,0.0,0.0,1.0,0.0,0.0,00688.jpg,3
213,0.0,0.0,0.0,1.0,0.0,0.0,00689.jpg,1
214,0.0,0.0,0.0,1.0,0.0,0.0,00690.jpg,4
215,0.0,0.0,0.0,1.0,0.0,0.0,00691.jpg,4
216,0.0,0.0,0.0,1.0,0.0,0.0,00692.jpg,3
217,0.0,0.0,0.0,1.0,0.0,0.0,00693.jpg,4
218,0.0,0.0,0.0,1.0,0.0,0.0,00694.jpg,3
219,0.0,0.0,0.0,1.0,0.0,0.0,00695.jpg,3
220,0.0,0.0,0.0,1.0,0.0,0.0,00696.jpg,2
221,0.0,0.0,0.0,1.0,0.0,0.0,00697.jpg,2
222,0.0,0.0,0.0,1.0,0.0,0.0,00698.jpg,5
223,0.0,0.0,0.0,1.0,0.0,0.0,00699.jpg,4
224,0.0,0.0,0.0,1.0,0.0,0.0,00700.jpg,5
225,0.0,0.0,0.0,1.0,0.0,0.0,00701.jpg,3
226,0.0,0.0,0.0,1.0,0.0,0.0,00702.jpg,2
227,0.0,0.0,1.0,0.0,0.0,0.0,00703.jpg,4
228,0.0,0.0,1.0,0.0,0.0,0.0,00711.jpg,2
229,0.0,0.0,1.0,0.0,0.0,0.0,00712.jpg,3
230,0.0,0.0,1.0,0.0,0.0,0.0,00713.jpg,4
231,0.0,0.0,1.0,0.0,0.0,0.0,00714.jpg,2
232,0.0,0.0,1.0,0.0,0.0,0.0,00715.jpg,4
233,0.0,0.0,1.0,0.0,0.0,0.0,00716.jpg,5
234,0.0,0.0,1.0,0.0,0.0,0.0,00717.jpg,2
235,0.0,0.0,1.0,0.0,0.0,0.0,00718.jpg,4
236,0.0,0.0,1.0,0.0,0.0,0.0,00719.jpg,5
237,0.0,0.0,1.0,0.0,0.0,0.0,00720.jpg,5
238,0.0,0.0,1.0,0.0,0.0,0.0,00721.jpg,3
239,0.0,0.0,1.0,0.0,0.0,0.0,00722.jpg,2
240,0.0,0.0,1.0,0.0,0.0,0.0,00723.jpg,1
241,0.0,0.0,1.0,0.0,0.0,0.0,00724.jpg,5
242,0.0,0.0,1.0,0.0,0.0,0.0,00725.jpg,2
243,0.0,0.0,1.0,0.0,0.0,0.0,00726.jpg,4
244,0.0,0.0,1.0,0.0,0.0,0.0,00727.jpg,4
245,0.0,0.0,1.0,0.0,0.0,0.0,00728.jpg,1
246,0.0,0.0,1.0,0.0,0.0,0.0,00729.jpg,3
247,0.0,0.0,1.0,0.0,0.0,0.0,00730.jpg,4
248,0.0,0.0,1.0,0.0,0.0,0.0,00731.jpg,3
249,0.0,0.0,1.0,0.0,0.0,0.0,00732.jpg,1
250,0.0,0.0,1.0,0.0,0.0,0.0,00733.jpg,3
251,0.0,0.0,1.0,0.0,0.0,0.0,00734.jpg,1
252,0.0,0.0,1.0,0.0,0.0,0.0,00735.jpg,1
253,0.0,0.0,1.0,0.0,0.0,0.0,00736.jpg,5
254,0.0,0.0,1.0,0.0,0.0,0.0,00737.jpg,4
255,0.0,0.0,0.0,1.0,0.0,0.0,00738.jpg,3
256,0.0,0.0,0.0,1.0,0.0,0.0,00739.jpg,1
257,0.0,0.0,0.0,1.0,0.0,0.0,00740.jpg,5
258,0.0,0.0,0.0,1.0,0.0,0.0,00741.jpg,5
259,0.0,0.0,0.0,1.0,0.0,0.0,00742.jpg,3
260,0.0,0.0,0.0,1.0,0.0,0.0,00743.jpg,3
261,0.0,0.0,0.0,1.0,0.0,0.0,00744.jpg,1
262,0.0,0.0,1.0,0.0,0.0,0.0,00745.jpg,2
263,0.0,0.0,1.0,0.0,0.0,0.0,00746.jpg,4
264,0.0,0.0,1.0,0.0,0.0,0.0,00747.jpg,4
265,0.0,0.0,1.0,0.0,0.0,0.0,00748.jpg,5
266,0.0,0.0,1.0,0.0,0.0,0.0,00749.jpg,2
267,0.0,0.0,1.0,0.0,0.0,0.0,00750.jpg,5
268,0.0,0.0,1.0,0.0,0.0,0.0,00751.jpg,3
269,0.0,0.0,1.0,0.0,0.0,0.0,00752.jpg,5
270,0.0,0.0,1.0,0.0,0.0,0.0,00753.jpg,4
271,0.0,0.0,1.0,0.0,0.0,0.0,00754.jpg,5
272,0.0,0.0,1.0,0.0,0.0,0.0,00755.jpg,3
273,0.0,0.0,1.0,0.0,0.0,0.0,00756.jpg,5
274,0.0,0.0,1.0,0.0,0.0,0.0,00757.jpg,5
275,0.0,0.0,1.0,0.0,0.0,0.0,00758.jpg,3
276,0.0,0.0,1.0,0.0,0.0,0.0,00759.jpg,3
277,0.0,0.0,1.0,0.0,0.0,0.0,00760.jpg,5
278,0.0,0.0,1.0,0.0,0.0,0.0,00761.jpg,2
279,0.0,0.0,1.0,0.0,0.0,0.0,00762.jpg,1
280,0.0,0.0,1.0,0.0,0.0,0.0,00763.jpg,2
281,0.0,0.0,1.0,0.0,0.0,0.0,00764.jpg,5
282,0.0,0.0,1.0,0.0,0.0,0.0,00765.jpg,3
283,0.0,0.0,1.0,0.0,0.0,0.0,00766.jpg,2
284,0.0,0.0,1.0,0.0,0.0,0.0,00767.jpg,2
285,0.0,0.0,1.0,0.0,0.0,0.0,00768.jpg,3
286,0.0,0.0,1.0,0.0,0.0,0.0,00769.jpg,3
287,0.0,0.0,1.0,0.0,0.0,0.0,00770.jpg,1
288,0.0,0.0,1.0,0.0,0.0,0.0,00771.jpg,1
289,0.0,0.0,1.0,0.0,0.0,0.0,00772.jpg,3
290,0.0,0.0,1.0,0.0,0.0,0.0,00773.jpg,4
291,0.0,0.0,1.0,0.0,0.0,0.0,00774.jpg,5
292,0.0,0.0,1.0,0.0,0.0,0.0,00775.jpg,3
293,0.0,0.0,1.0,0.0,0.0,0.0,00776.jpg,1
294,0.0,0.0,1.0,0.0,0.0,0.0,00777.jpg,4
295,0.0,0.0,0.0,0.0,0.0,1.0,00778.jpg,3
296,0.0,0.0,0.0,0.0,0.0,1.0,00779.jpg,1
297,0.0,0.0,0.0,1.0,0.0,0.0,00780.jpg,5
298,0.0,0.0,0.0,1.0,0.0,0.0,00781.jpg,1
299,0.0,0.0,0.0,0.0,0.0,1.0,00782.jpg,4
300,0.0,0.0,1.0,0.0,0.0,0.0,00783.jpg,3
301,0.0,0.0,0.0,0.0,0.0,1.0,00784.jpg,3
302,0.0,0.0,0.0,0.0,0.0,1.0,00785.jpg,2
303,0.0,0.0,0.0,0.0,0.0,1.0,00786.jpg,1
304,0.0,0.0,0.0,0.0,0.0,1.0,00787.jpg,5
305,0.0,0.0,0.0,1.0,0.0,0.0,00788.jpg,2
306,0.0,0.0,0.0,1.0,0.0,0.0,00789.jpg,4
307,0.0,0.0,0.0,1.0,0.0,0.0,00790.jpg,4
308,0.0,0.0,0.0,1.0,0.0,0.0,00791.jpg,4
309,0.0,0.0,0.0,1.0,0.0,0.0,00792.jpg,4
310,0.0,0.0,0.0,1.0,0.0,0.0,00793.jpg,1
311,0.0,0.0,0.0,1.0,0.0,0.0,00794.jpg,4
312,0.0,0.0,0.0,1.0,0.0,0.0,00795.jpg,1
313,0.0,0.0,0.0,1.0,0.0,0.0,00796.jpg,3
314,0.0,0.0,0.0,1.0,0.0,0.0,00797.jpg,1
315,0.0,0.0,0.0,1.0,0.0,0.0,00798.jpg,1
316,0.0,0.0,0.0,1.0,0.0,0.0,00799.jpg,5
317,0.0,0.0,0.0,0.0,0.0,1.0,00800.jpg,4
318,0.0,0.0,0.0,0.0,0.0,1.0,00801.jpg,4
319,0.0,0.0,0.0,0.0,0.0,1.0,00802.jpg,3
320,0.0,0.0,0.0,0.0,0.0,1.0,00803.jpg,5
321,0.0,0.0,0.0,0.0,0.0,1.0,00804.jpg,4
322,0.0,0.0,0.0,0.0,0.0,1.0,00805.jpg,3
323,0.0,0.0,0.0,0.0,0.0,1.0,00806.jpg,2
324,0.0,0.0,0.0,0.0,0.0,1.0,00807.jpg,4
325,0.0,0.0,0.0,0.0,0.0,1.0,00808.jpg,5
326,0.0,0.0,0.0,0.0,1.0,0.0,00809.jpg,2
327,0.0,0.0,0.0,1.0,0.0,0.0,00810.jpg,5
328,0.0,0.0,0.0,1.0,0.0,0.0,00811.jpg,4
329,0.0,0.0,0.0,1.0,0.0,0.0,00812.jpg,1
330,0.0,0.0,0.0,1.0,0.0,0.0,00813.jpg,1
331,0.0,0.0,0.0,1.0,0.0,0.0,00814.jpg,3
332,0.0,0.0,0.0,1.0,0.0,0.0,00815.jpg,5
333,0.0,0.0,0.0,1.0,0.0,0.0,00816.jpg,1
334,0.0,0.0,0.0,1.0,0.0,0.0,00817.jpg,4
335,0.0,0.0,0.0,1.0,0.0,0.0,00818.jpg,3
336,0.0,0.0,0.0,1.0,0.0,0.0,00819.jpg,1
337,0.0,0.0,0.0,1.0,0.0,0.0,00820.jpg,5
338,0.0,0.0,0.0,1.0,0.0,0.0,00821.jpg,4
339,0.0,0.0,0.0,1.0,0.0,0.0,00822.jpg,5
340,0.0,0.0,0.0,1.0,0.0,0.0,00823.jpg,3
341,0.0,0.0,0.0,1.0,0.0,0.0,00824.jpg,5
342,0.0,0.0,0.0,1.0,0.0,0.0,00825.jpg,1
343,0.0,0.0,0.0,1.0,0.0,0.0,00826.jpg,4
344,0.0,0.0,0.0,1.0,0.0,0.0,00827.jpg,4
345,0.0,0.0,0.0,1.0,0.0,0.0,00828.jpg,2
346,0.0,0.0,0.0,1.0,0.0,0.0,00829.jpg,2
347,0.0,0.0,0.0,1.0,0.0,0.0,00830.jpg,4
348,0.0,0.0,0.0,1.0,0.0,0.0,00831.jpg,1
349,0.0,0.0,0.0,1.0,0.0,0.0,00832.jpg,1
350,0.0,0.0,0.0,1.0,0.0,0.0,00833.jpg,5
351,0.0,0.0,0.0,1.0,0.0,0.0,00834.jpg,1
352,0.0,0.0,0.0,1.0,0.0,0.0,00835.jpg,2
353,0.0,0.0,0.0,1.0,0.0,0.0,00836.jpg,2
354,0.0,0.0,0.0,1.0,0.0,0.0,00837.jpg,4
355,0.0,0.0,0.0,1.0,0.0,0.0,00838.jpg,2
356,0.0,0.0,0.0,1.0,0.0,0.0,00839.jpg,1
357,0.0,0.0,0.0,1.0,0.0,0.0,00840.jpg,2
358,0.0,0.0,0.0,1.0,0.0,0.0,00841.jpg,3
359,0.0,0.0,0.0,1.0,0.0,0.0,00842.jpg,1
360,0.0,0.0,0.0,1.0,0.0,0.0,00843.jpg,3
361,0.0,0.0,0.0,1.0,0.0,0.0,00844.jpg,1
362,0.0,0.0,0.0,1.0,0.0,0.0,00845.jpg,5
363,0.0,0.0,0.0,1.0,0.0,0.0,00846.jpg,3
364,0.0,0.0,0.0,0.0,0.0,1.0,00847.jpg,4
365,0.0,0.0,0.0,0.0,0.0,1.0,00848.jpg,1
366,0.0,0.0,0.0,0.0,0.0,1.0,00849.jpg,5
367,0.0,0.0,0.0,1.0,0.0,0.0,00850.jpg,3
368,0.0,0.0,0.0,0.0,0.0,1.0,00851.jpg,1
369,0.0,0.0,0.0,0.0,0.0,1.0,00852.jpg,5
370,0.0,0.0,0.0,1.0,0.0,0.0,00853.jpg,1
371,0.0,0.0,0.0,1.0,0.0,0.0,00854.jpg,4
372,0.0,0.0,0.0,0.0,1.0,0.0,00855.jpg,1
373,0.0,0.0,0.0,1.0,0.0,0.0,00856.jpg,2
374,0.0,0.0,0.0,1.0,0.0,0.0,00857.jpg,5
375,0.0,0.0,0.0,1.0,0.0,0.0,00858.jpg,2
376,0.0,0.0,0.0,1.0,0.0,0.0,00859.jpg,3
377,0.0,0.0,0.0,0.0,1.0,0.0,00860.jpg,1
378,0.0,0.0,0.0,1.0,0.0,0.0,00861.jpg,5
379,0.0,0.0,0.0,1.0,0.0,0.0,00862.jpg,5
380,0.0,0.0,0.0,1.0,0.0,0.0,00863.jpg,3
381,0.0,0.0,0.0,0.0,1.0,0.0,00864.jpg,2
382,0.0,0.0,1.0,0.0,0.0,0.0,00865.jpg,5
383,0.0,0.0,1.0,0.0,0.0,0.0,00866.jpg,5
384,0.0,0.0,1.0,0.0,0.0,0.0,00867.jpg,3
385,0.0,0.0,1.0,0.0,0.0,0.0,00868.jpg,2
386,0.0,0.0,1.0,0.0,0.0,0.0,00869.jpg,2
387,0.0,0.0,1.0,0.0,0.0,0.0,00870.jpg,3
388,0.0,0.0,1.0,0.0,0.0,0.0,00871.jpg,3
389,0.0,0.0,1.0,0.0,0.0,0.0,00872.jpg,1
390,0.0,0.0,1.0,0.0,0.0,0.0,00873.jpg,5
391,0.0,0.0,0.0,0.0,1.0,0.0,00874.jpg,3
392,0.0,0.0,0.0,0.0,1.0,0.0,00875.jpg,3
393,0.0,0.0,0.0,0.0,1.0,0.0,00876.jpg,1
394,0.0,0.0,0.0,0.0,1.0,0.0,00877.jpg,2
395,0.0,0.0,0.0,0.0,1.0,0.0,00878.jpg,2
396,0.0,0.0,0.0,0.0,1.0,0.0,00879.jpg,3
397,0.0,0.0,0.0,0.0,1.0,0.0,00880.jpg,5
398,0.0,0.0,0.0,0.0,1.0,0.0,00881.jpg,4
399,0.0,0.0,0.0,0.0,1.0,0.0,00882.jpg,4
400,0.0,0.0,0.0,0.0,0.0,1.0,00883.jpg,4
401,0.0,0.0,0.0,0.0,0.0,1.0,00884.jpg,3
402,0.0,0.0,0.0,0.0,0.0,1.0,00885.jpg,4
403,0.0,0.0,0.0,0.0,0.0,1.0,00886.jpg,2
404,0.0,0.0,0.0,0.0,0.0,1.0,00887.jpg,2
405,0.0,0.0,0.0,0.0,1.0,0.0,00888.jpg,3
406,0.0,0.0,0.0,0.0,1.0,0.0,00889.jpg,4
407,0.0,0.0,0.0,0.0,1.0,0.0,00890.jpg,5
408,0.0,0.0,0.0,0.0,0.0,1.0,00891.jpg,4
409,0.0,0.0,1.0,0.0,0.0,0.0,00892.jpg,5
410,0.0,0.0,1.0,0.0,0.0,0.0,00893.jpg,1
411,0.0,0.0,0.0,1.0,0.0,0.0,00894.jpg,3
412,0.0,0.0,1.0,0.0,0.0,0.0,00895.jpg,5
413,0.0,0.0,1.0,0.0,0.0,0.0,00896.jpg,5
414,0.0,0.0,1.0,0.0,0.0,0.0,00897.jpg,5
415,0.0,0.0,1.0,0.0,0.0,0.0,00898.jpg,4
416,0.0,0.0,0.0,0.0,1.0,0.0,00899.jpg,4
417,0.0,0.0,0.0,1.0,0.0,0.0,00900.jpg,5
418,0.0,0.0,0.0,1.0,0.0,0.0,00901.jpg,1
419,0.0,0.0,0.0,1.0,0.0,0.0,00902.jpg,3
420,0.0,0.0,0.0,0.0,1.0,0.0,00903.jpg,1
421,0.0,0.0,0.0,0.0,1.0,0.0,00904.jpg,3
422,0.0,0.0,0.0,0.0,1.0,0.0,00905.jpg,3
423,0.0,0.0,0.0,0.0,1.0,0.0,00906.jpg,1
424,0.0,0.0,0.0,0.0,1.0,0.0,00907.jpg,5
425,0.0,0.0,0.0,0.0,1.0,0.0,00908.jpg,2
426,0.0,0.0,0.0,0.0,0.0,1.0,00909.jpg,1
427,0.0,0.0,1.0,0.0,0.0,0.0,00910.jpg,5
428,0.0,0.0,1.0,0.0,0.0,0.0,00911.jpg,2
429,0.0,0.0,0.0,0.0,1.0,0.0,00912.jpg,3
430,0.0,0.0,0.0,0.0,1.0,0.0,00913.jpg,2
431,0.0,0.0,0.0,0.0,0.0,1.0,00914.jpg,5
432,0.0,0.0,0.0,0.0,0.0,1.0,00915.jpg,3
433,0.0,0.0,0.0,0.0,0.0,1.0,00916.jpg,2
434,0.0,0.0,0.0,0.0,1.0,0.0,00917.jpg,1
435,0.0,0.0,0.0,0.0,1.0,0.0,00918.jpg,3
436,0.0,0.0,0.0,0.0,0.0,1.0,00919.jpg,1
437,0.0,0.0,0.0,0.0,0.0,1.0,00920.jpg,3
438,0.0,0.0,0.0,0.0,0.0,1.0,00921.jpg,4
439,0.0,0.0,0.0,0.0,0.0,1.0,00922.jpg,4
440,0.0,0.0,0.0,1.0,0.0,0.0,00924.jpg,3
441,0.0,0.0,0.0,1.0,0.0,0.0,00925.jpg,3
442,0.0,0.0,1.0,0.0,0.0,0.0,00926.jpg,2
443,0.0,0.0,1.0,0.0,0.0,0.0,00927.jpg,2
444,0.0,0.0,1.0,0.0,0.0,0.0,00928.jpg,3
445,1.0,0.0,0.0,0.0,0.0,0.0,00929.jpg,4
446,0.0,0.0,0.0,0.0,1.0,0.0,00930.jpg,4
447,0.0,0.0,1.0,0.0,0.0,0.0,00931.jpg,1
448,0.0,0.0,0.0,0.0,1.0,0.0,00932.jpg,2
449,0.0,0.0,0.0,0.0,0.0,1.0,00935.jpg,2
450,0.0,0.0,0.0,0.0,0.0,1.0,00936.jpg,2
451,0.0,0.0,1.0,0.0,0.0,0.0,00939.jpg,5
452,1.0,0.0,0.0,0.0,0.0,0.0,00955.jpg,3
453,1.0,0.0,0.0,0.0,0.0,0.0,00956.jpg,1
454,0.0,0.0,0.0,0.0,1.0,0.0,01004.jpg,1
455,0.0,0.0,0.0,0.0,1.0,0.0,01005.jpg,5
456,0.0,0.0,0.0,0.0,1.0,0.0,01006.jpg,2
457,0.0,0.0,0.0,0.0,1.0,0.0,01007.jpg,1
458,0.0,0.0,0.0,0.0,0.0,1.0,01008.jpg,5
459,0.0,0.0,0.0,0.0,0.0,1.0,01009.jpg,2
460,0.0,0.0,0.0,0.0,0.0,1.0,01010.jpg,1
461,0.0,0.0,0.0,0.0,1.0,0.0,01011.jpg,1
462,0.0,1.0,0.0,0.0,0.0,0.0,01012.jpg,3
463,0.0,0.0,0.0,0.0,1.0,0.0,01013.jpg,5
464,0.0,0.0,0.0,0.0,1.0,0.0,01014.jpg,5
465,0.0,0.0,0.0,0.0,1.0,0.0,01015.jpg,4
466,0.0,0.0,0.0,0.0,1.0,0.0,01016.jpg,1
467,0.0,0.0,0.0,0.0,1.0,0.0,01017.jpg,1
468,0.0,0.0,0.0,0.0,1.0,0.0,01018.jpg,5
469,1.0,0.0,0.0,0.0,0.0,0.0,01019.jpg,5
470,1.0,0.0,0.0,0.0,0.0,0.0,01020.jpg,1
471,1.0,0.0,0.0,0.0,0.0,0.0,01021.jpg,2
472,0.0,1.0,0.0,0.0,0.0,0.0,01023.jpg,4
473,0.0,1.0,0.0,0.0,0.0,0.0,01024.jpg,1
474,0.0,1.0,0.0,0.0,0.0,0.0,01025.jpg,1
475,0.0,1.0,0.0,0.0,0.0,0.0,01026.jpg,2
476,0.0,1.0,0.0,0.0,0.0,0.0,01027.jpg,5
477,0.0,1.0,0.0,0.0,0.0,0.0,01028.jpg,3
478,0.0,1.0,0.0,0.0,0.0,0.0,01029.jpg,1
479,0.0,1.0,0.0,0.0,0.0,0.0,01030.jpg,5
480,0.0,1.0,0.0,0.0,0.0,0.0,01031.jpg,3
481,0.0,1.0,0.0,0.0,0.0,0.0,01032.jpg,2
482,0.0,1.0,0.0,0.0,0.0,0.0,01033.jpg,2
483,0.0,1.0,0.0,0.0,0.0,0.0,01034.jpg,3
484,0.0,1.0,0.0,0.0,0.0,0.0,01035.jpg,1
485,0.0,1.0,0.0,0.0,0.0,0.0,01036.jpg,5
486,0.0,1.0,0.0,0.0,0.0,0.0,01037.jpg,3
487,0.0,1.0,0.0,0.0,0.0,0.0,01038.jpg,3
488,0.0,1.0,0.0,0.0,0.0,0.0,01039.jpg,2
489,0.0,1.0,0.0,0.0,0.0,0.0,01040.jpg,5
490,0.0,1.0,0.0,0.0,0.0,0.0,01041.jpg,3
491,0.0,0.0,0.0,0.0,1.0,0.0,01042.jpg,5
492,0.0,1.0,0.0,0.0,0.0,0.0,01043.jpg,4
493,0.0,1.0,0.0,0.0,0.0,0.0,01044.jpg,3
494,0.0,1.0,0.0,0.0,0.0,0.0,01045.jpg,2
495,0.0,1.0,0.0,0.0,0.0,0.0,01046.jpg,4
496,0.0,1.0,0.0,0.0,0.0,0.0,01047.jpg,5
497,0.0,1.0,0.0,0.0,0.0,0.0,01048.jpg,2
498,0.0,1.0,0.0,0.0,0.0,0.0,01049.jpg,5
499,0.0,1.0,0.0,0.0,0.0,0.0,01050.jpg,2
500,0.0,1.0,0.0,0.0,0.0,0.0,01051.jpg,2
501,0.0,1.0,0.0,0.0,0.0,0.0,01052.jpg,2
502,0.0,0.0,0.0,0.0,1.0,0.0,01053.jpg,3
503,0.0,0.0,0.0,0.0,1.0,0.0,01054.jpg,5
504,0.0,1.0,0.0,0.0,0.0,0.0,01055.jpg,5
505,0.0,1.0,0.0,0.0,0.0,0.0,01056.jpg,5
506,0.0,1.0,0.0,0.0,0.0,0.0,01057.jpg,3
507,0.0,1.0,0.0,0.0,0.0,0.0,01058.jpg,1
508,0.0,0.0,0.0,0.0,1.0,0.0,01059.jpg,2
509,0.0,0.0,0.0,0.0,1.0,0.0,01060.jpg,1
510,0.0,1.0,0.0,0.0,0.0,0.0,01061.jpg,4
511,0.0,1.0,0.0,0.0,0.0,0.0,01074.jpg,3
512,1.0,0.0,0.0,0.0,0.0,0.0,01124.jpg,3
513,0.0,0.0,1.0,0.0,0.0,0.0,01126.jpg,5
514,0.0,0.0,0.0,0.0,1.0,0.0,01128.jpg,4
515,0.0,0.0,0.0,0.0,0.0,1.0,01143.jpg,3
516,0.0,0.0,0.0,0.0,0.0,1.0,01144.jpg,2
517,0.0,0.0,0.0,0.0,1.0,0.0,01145.jpg,5
518,0.0,1.0,0.0,0.0,0.0,0.0,01146.jpg,3
519,0.0,0.0,0.0,0.0,1.0,0.0,01147.jpg,2
520,0.0,0.0,0.0,0.0,1.0,0.0,01148.jpg,3
521,0.0,0.0,0.0,0.0,1.0,0.0,01149.jpg,5
522,0.0,0.0,0.0,0.0,1.0,0.0,01150.jpg,2
523,0.0,0.0,0.0,0.0,1.0,0.0,01151.jpg,3
524,0.0,0.0,0.0,0.0,1.0,0.0,01152.jpg,4
525,0.0,0.0,0.0,0.0,1.0,0.0,01154.jpg,2
526,0.0,0.0,0.0,0.0,1.0,0.0,01155.jpg,5
527,0.0,0.0,0.0,0.0,1.0,0.0,01156.jpg,2
528,0.0,0.0,0.0,0.0,1.0,0.0,01157.jpg,3
529,0.0,0.0,0.0,0.0,1.0,0.0,01158.jpg,4
530,0.0,0.0,0.0,0.0,1.0,0.0,01159.jpg,1
531,0.0,0.0,0.0,0.0,1.0,0.0,01160.jpg,5
532,1.0,0.0,0.0,0.0,0.0,0.0,01161.jpg,2
533,1.0,0.0,0.0,0.0,0.0,0.0,01162.jpg,4
534,0.0,0.0,0.0,0.0,1.0,0.0,01163.jpg,4
535,1.0,0.0,0.0,0.0,0.0,0.0,01164.jpg,3
536,0.0,0.0,0.0,0.0,1.0,0.0,01165.jpg,1
537,0.0,0.0,0.0,0.0,1.0,0.0,01166.jpg,1
538,1.0,0.0,0.0,0.0,0.0,0.0,01167.jpg,4
539,1.0,0.0,0.0,0.0,0.0,0.0,01168.jpg,5
540,1.0,0.0,0.0,0.0,0.0,0.0,01169.jpg,1
541,0.0,0.0,0.0,0.0,1.0,0.0,01170.jpg,1
542,1.0,0.0,0.0,0.0,0.0,0.0,01171.jpg,1
543,0.0,0.0,0.0,0.0,1.0,0.0,01172.jpg,2
544,1.0,0.0,0.0,0.0,0.0,0.0,01173.jpg,4
545,1.0,0.0,0.0,0.0,0.0,0.0,01174.jpg,1
546,1.0,0.0,0.0,0.0,0.0,0.0,01175.jpg,1
547,1.0,0.0,0.0,0.0,0.0,0.0,01176.jpg,5
548,1.0,0.0,0.0,0.0,0.0,0.0,01177.jpg,4
549,1.0,0.0,0.0,0.0,0.0,0.0,01178.jpg,3
550,1.0,0.0,0.0,0.0,0.0,0.0,01179.jpg,4
551,1.0,0.0,0.0,0.0,0.0,0.0,01180.jpg,1
552,1.0,0.0,0.0,0.0,0.0,0.0,01181.jpg,1
553,1.0,0.0,0.0,0.0,0.0,0.0,01182.jpg,3
554,0.0,1.0,0.0,0.0,0.0,0.0,01183.jpg,5
555,0.0,0.0,0.0,0.0,1.0,0.0,01184.jpg,3
556,0.0,0.0,0.0,0.0,1.0,0.0,01185.jpg,2
557,0.0,0.0,0.0,0.0,1.0,0.0,01186.jpg,2
558,0.0,0.0,0.0,0.0,1.0,0.0,01187.jpg,1
559,0.0,1.0,0.0,0.0,0.0,0.0,01188.jpg,3
560,0.0,1.0,0.0,0.0,0.0,0.0,01189.jpg,3
561,0.0,0.0,0.0,0.0,1.0,0.0,01190.jpg,4
562,0.0,0.0,0.0,0.0,1.0,0.0,01191.jpg,4
563,0.0,1.0,0.0,0.0,0.0,0.0,01192.jpg,4
564,0.0,1.0,0.0,0.0,0.0,0.0,01193.jpg,5
565,0.0,0.0,0.0,0.0,1.0,0.0,01194.jpg,2
566,0.0,0.0,0.0,0.0,1.0,0.0,01195.jpg,1
567,0.0,0.0,0.0,0.0,1.0,0.0,01196.jpg,1
568,1.0,0.0,0.0,0.0,0.0,0.0,01197.jpg,2
569,0.0,0.0,0.0,0.0,1.0,0.0,01198.jpg,3
570,0.0,0.0,0.0,0.0,1.0,0.0,01199.jpg,5
571,0.0,0.0,0.0,0.0,1.0,0.0,01200.jpg,4
572,0.0,0.0,0.0,0.0,1.0,0.0,01201.jpg,4
573,0.0,1.0,0.0,0.0,0.0,0.0,01202.jpg,1
574,0.0,0.0,0.0,0.0,1.0,0.0,01203.jpg,2
575,0.0,0.0,0.0,0.0,1.0,0.0,01204.jpg,3
576,0.0,0.0,0.0,0.0,1.0,0.0,01205.jpg,5
577,0.0,0.0,0.0,0.0,1.0,0.0,01206.jpg,4
578,0.0,0.0,0.0,0.0,1.0,0.0,01207.jpg,1
579,0.0,0.0,0.0,0.0,1.0,0.0,01208.jpg,1
580,0.0,0.0,0.0,0.0,1.0,0.0,01209.jpg,1
581,0.0,1.0,0.0,0.0,0.0,0.0,01210.jpg,3
582,0.0,1.0,0.0,0.0,0.0,0.0,01211.jpg,2
583,0.0,1.0,0.0,0.0,0.0,0.0,01212.jpg,4
584,0.0,1.0,0.0,0.0,0.0,0.0,01213.jpg,1
585,1.0,0.0,0.0,0.0,0.0,0.0,01214.jpg,4
586,0.0,1.0,0.0,0.0,0.0,0.0,01215.jpg,1
587,1.0,0.0,0.0,0.0,0.0,0.0,01216.jpg,1
588,0.0,0.0,0.0,0.0,1.0,0.0,01217.jpg,1
589,1.0,0.0,0.0,0.0,0.0,0.0,01218.jpg,4
590,1.0,0.0,0.0,0.0,0.0,0.0,01219.jpg,4
591,1.0,0.0,0.0,0.0,0.0,0.0,01220.jpg,3
592,0.0,0.0,0.0,0.0,1.0,0.0,01221.jpg,4
593,0.0,1.0,0.0,0.0,0.0,0.0,01222.jpg,2
594,0.0,1.0,0.0,0.0,0.0,0.0,01223.jpg,3
595,1.0,0.0,0.0,0.0,0.0,0.0,01224.jpg,3
596,1.0,0.0,0.0,0.0,0.0,0.0,01225.jpg,2
597,0.0,0.0,0.0,0.0,1.0,0.0,01226.jpg,3
598,0.0,0.0,0.0,0.0,1.0,0.0,01227.jpg,2
599,1.0,0.0,0.0,0.0,0.0,0.0,01228.jpg,3
600,0.0,1.0,0.0,0.0,0.0,0.0,01229.jpg,4
601,1.0,0.0,0.0,0.0,0.0,0.0,01230.jpg,5
602,1.0,0.0,0.0,0.0,0.0,0.0,01231.jpg,2
603,0.0,1.0,0.0,0.0,0.0,0.0,01232.jpg,5
604,1.0,0.0,0.0,0.0,0.0,0.0,01233.jpg,5
605,1.0,0.0,0.0,0.0,0.0,0.0,01234.jpg,1
606,1.0,0.0,0.0,0.0,0.0,0.0,01235.jpg,3
607,1.0,0.0,0.0,0.0,0.0,0.0,01236.jpg,1
608,1.0,0.0,0.0,0.0,0.0,0.0,01237.jpg,1
609,1.0,0.0,0.0,0.0,0.0,0.0,01238.jpg,4
610,1.0,0.0,0.0,0.0,0.0,0.0,01239.jpg,1
611,1.0,0.0,0.0,0.0,0.0,0.0,01240.jpg,2
612,1.0,0.0,0.0,0.0,0.0,0.0,01241.jpg,4
613,1.0,0.0,0.0,0.0,0.0,0.0,01242.jpg,2
614,1.0,0.0,0.0,0.0,0.0,0.0,01243.jpg,2
615,1.0,0.0,0.0,0.0,0.0,0.0,01244.jpg,5
616,1.0,0.0,0.0,0.0,0.0,0.0,01245.jpg,5
617,1.0,0.0,0.0,0.0,0.0,0.0,01246.jpg,2
618,1.0,0.0,0.0,0.0,0.0,0.0,01247.jpg,4
619,1.0,0.0,0.0,0.0,0.0,0.0,01248.jpg,4
620,1.0,0.0,0.0,0.0,0.0,0.0,01249.jpg,3
621,1.0,0.0,0.0,0.0,0.0,0.0,01250.jpg,5
622,1.0,0.0,0.0,0.0,0.0,0.0,01251.jpg,5
623,1.0,0.0,0.0,0.0,0.0,0.0,01252.jpg,3
624,1.0,0.0,0.0,0.0,0.0,0.0,01253.jpg,5
625,1.0,0.0,0.0,0.0,0.0,0.0,01254.jpg,3
626,1.0,0.0,0.0,0.0,0.0,0.0,01255.jpg,2
627,0.0,1.0,0.0,0.0,0.0,0.0,01256.jpg,4
628,1.0,0.0,0.0,0.0,0.0,0.0,01257.jpg,4
629,1.0,0.0,0.0,0.0,0.0,0.0,01258.jpg,3
630,1.0,0.0,0.0,0.0,0.0,0.0,01259.jpg,3
631,1.0,0.0,0.0,0.0,0.0,0.0,01260.jpg,4
632,1.0,0.0,0.0,0.0,0.0,0.0,01261.jpg,5
633,1.0,0.0,0.0,0.0,0.0,0.0,01262.jpg,2
634,1.0,0.0,0.0,0.0,0.0,0.0,01263.jpg,1
635,1.0,0.0,0.0,0.0,0.0,0.0,01264.jpg,4
636,1.0,0.0,0.0,0.0,0.0,0.0,01265.jpg,3
637,1.0,0.0,0.0,0.0,0.0,0.0,01266.jpg,3
638,1.0,0.0,0.0,0.0,0.0,0.0,01267.jpg,3
639,1.0,0.0,0.0,0.0,0.0,0.0,01268.jpg,2
640,1.0,0.0,0.0,0.0,0.0,0.0,01269.jpg,4
641,1.0,0.0,0.0,0.0,0.0,0.0,01270.jpg,2
642,0.0,0.0,0.0,0.0,1.0,0.0,01277.jpg,4
643,1.0,0.0,0.0,0.0,0.0,0.0,01278.jpg,5
644,1.0,0.0,0.0,0.0,0.0,0.0,01279.jpg,5
645,1.0,0.0,0.0,0.0,0.0,0.0,01280.jpg,3
646,1.0,0.0,0.0,0.0,0.0,0.0,01281.jpg,2
647,1.0,0.0,0.0,0.0,0.0,0.0,01282.jpg,4
648,0.0,1.0,0.0,0.0,0.0,0.0,01347.jpg,3
649,0.0,1.0,0.0,0.0,0.0,0.0,01348.jpg,3
650,0.0,0.0,1.0,0.0,0.0,0.0,01349.jpg,4
651,0.0,0.0,1.0,0.0,0.0,0.0,01350.jpg,3
652,0.0,0.0,1.0,0.0,0.0,0.0,01351.jpg,1
653,0.0,0.0,1.0,0.0,0.0,0.0,01352.jpg,1
654,0.0,0.0,1.0,0.0,0.0,0.0,01353.jpg,2
655,0.0,0.0,1.0,0.0,0.0,0.0,01354.jpg,5
656,0.0,0.0,1.0,0.0,0.0,0.0,01355.jpg,2
657,0.0,0.0,1.0,0.0,0.0,0.0,01356.jpg,2
658,0.0,0.0,1.0,0.0,0.0,0.0,01357.jpg,3
659,0.0,0.0,0.0,0.0,1.0,0.0,01358.jpg,5
660,0.0,0.0,1.0,0.0,0.0,0.0,01483.jpg,2
661,0.0,0.0,1.0,0.0,0.0,0.0,01484.jpg,2
662,0.0,0.0,1.0,0.0,0.0,0.0,01485.jpg,1
663,0.0,0.0,0.0,1.0,0.0,0.0,01486.jpg,2
664,0.0,0.0,0.0,1.0,0.0,0.0,01487.jpg,1
665,0.0,0.0,0.0,1.0,0.0,0.0,01488.jpg,3
666,0.0,0.0,0.0,0.0,0.0,1.0,01489.jpg,2
667,0.0,0.0,0.0,0.0,0.0,1.0,01490.jpg,4
668,0.0,0.0,0.0,0.0,1.0,0.0,01491.jpg,4
669,0.0,0.0,1.0,0.0,0.0,0.0,01492.jpg,1
670,0.0,0.0,0.0,0.0,0.0,1.0,01493.jpg,2
671,0.0,0.0,0.0,0.0,1.0,0.0,01494.jpg,3
672,0.0,0.0,0.0,0.0,1.0,0.0,01495.jpg,5
673,0.0,0.0,0.0,0.0,1.0,0.0,01496.jpg,3
674,0.0,0.0,0.0,0.0,1.0,0.0,01503.jpg,4
675,0.0,0.0,0.0,0.0,0.0,1.0,01504.jpg,1
676,0.0,0.0,0.0,0.0,1.0,0.0,01507.jpg,1
677,0.0,0.0,1.0,0.0,0.0,0.0,01508.jpg,3
678,0.0,0.0,1.0,0.0,0.0,0.0,01509.jpg,5
679,0.0,0.0,1.0,0.0,0.0,0.0,01510.jpg,2
680,0.0,0.0,0.0,0.0,1.0,0.0,01511.jpg,2
681,0.0,0.0,0.0,0.0,1.0,0.0,01512.jpg,1
682,0.0,0.0,0.0,0.0,1.0,0.0,01513.jpg,2
683,0.0,0.0,0.0,0.0,0.0,1.0,01514.jpg,4
684,0.0,0.0,0.0,0.0,1.0,0.0,01515.jpg,2
685,0.0,0.0,1.0,0.0,0.0,0.0,01516.jpg,5
686,0.0,0.0,0.0,0.0,0.0,1.0,01517.jpg,1
687,0.0,0.0,0.0,0.0,0.0,1.0,01518.jpg,5
688,0.0,0.0,1.0,0.0,0.0,0.0,01519.jpg,3
689,0.0,0.0,0.0,0.0,0.0,1.0,01520.jpg,3
690,0.0,0.0,0.0,0.0,1.0,0.0,01521.jpg,3
691,0.0,0.0,0.0,0.0,1.0,0.0,01522.jpg,3
692,0.0,0.0,0.0,0.0,1.0,0.0,01523.jpg,4
693,0.0,0.0,0.0,0.0,1.0,0.0,01524.jpg,4
694,0.0,0.0,0.0,0.0,1.0,0.0,01525.jpg,5
695,0.0,0.0,0.0,0.0,1.0,0.0,01526.jpg,5
696,0.0,0.0,0.0,0.0,1.0,0.0,01527.jpg,3
697,0.0,0.0,0.0,0.0,1.0,0.0,01528.jpg,4
698,0.0,0.0,1.0,0.0,0.0,0.0,01529.jpg,1
699,0.0,0.0,0.0,0.0,1.0,0.0,01530.jpg,4
700,0.0,0.0,0.0,0.0,1.0,0.0,01531.jpg,4
701,0.0,0.0,0.0,0.0,1.0,0.0,01532.jpg,3
702,0.0,0.0,0.0,0.0,1.0,0.0,01533.jpg,1
703,0.0,0.0,0.0,0.0,1.0,0.0,01534.jpg,3
704,0.0,0.0,0.0,0.0,1.0,0.0,01535.jpg,4
705,0.0,0.0,0.0,0.0,1.0,0.0,01536.jpg,3
706,0.0,0.0,0.0,0.0,1.0,0.0,01537.jpg,3
707,0.0,0.0,0.0,0.0,1.0,0.0,01538.jpg,2
708,0.0,0.0,0.0,0.0,1.0,0.0,01539.jpg,2
709,0.0,0.0,0.0,0.0,1.0,0.0,01540.jpg,4
710,0.0,0.0,0.0,0.0,1.0,0.0,01541.jpg,2
711,0.0,0.0,0.0,0.0,1.0,0.0,01542.jpg,2
712,0.0,0.0,0.0,0.0,1.0,0.0,01543.jpg,3
713,0.0,0.0,1.0,0.0,0.0,0.0,01544.jpg,2
714,0.0,0.0,0.0,0.0,0.0,1.0,01545.jpg,1
715,0.0,0.0,0.0,0.0,0.0,1.0,01546.jpg,1
716,0.0,0.0,0.0,0.0,0.0,1.0,01547.jpg,4
717,0.0,0.0,0.0,0.0,0.0,1.0,01548.jpg,3
718,0.0,0.0,0.0,0.0,1.0,0.0,01550.jpg,2
719,0.0,0.0,0.0,0.0,1.0,0.0,01551.jpg,2
720,0.0,0.0,0.0,0.0,1.0,0.0,01552.jpg,5
721,0.0,1.0,0.0,0.0,0.0,0.0,01554.jpg,3
722,0.0,1.0,0.0,0.0,0.0,0.0,01555.jpg,3
723,0.0,1.0,0.0,0.0,0.0,0.0,01580.jpg,4
724,0.0,1.0,0.0,0.0,0.0,0.0,01581.jpg,1
725,0.0,1.0,0.0,0.0,0.0,0.0,01582.jpg,1
726,0.0,1.0,0.0,0.0,0.0,0.0,01583.jpg,3
727,0.0,1.0,0.0,0.0,0.0,0.0,01584.jpg,4
728,0.0,1.0,0.0,0.0,0.0,0.0,01585.jpg,2
729,0.0,1.0,0.0,0.0,0.0,0.0,01586.jpg,4
730,0.0,1.0,0.0,0.0,0.0,0.0,01587.jpg,2
731,0.0,1.0,0.0,0.0,0.0,0.0,01588.jpg,3
732,0.0,1.0,0.0,0.0,0.0,0.0,01589.jpg,2
733,0.0,0.0,0.0,0.0,1.0,0.0,01590.jpg,5
734,0.0,1.0,0.0,0.0,0.0,0.0,01591.jpg,5
735,0.0,0.0,0.0,0.0,1.0,0.0,01592.jpg,1
736,0.0,0.0,0.0,0.0,1.0,0.0,01593.jpg,1
737,0.0,0.0,0.0,0.0,0.0,1.0,01594.jpg,1
738,0.0,0.0,1.0,0.0,0.0,0.0,01595.jpg,5
739,0.0,0.0,1.0,0.0,0.0,0.0,01596.jpg,3
740,0.0,0.0,1.0,0.0,0.0,0.0,01597.jpg,3
741,0.0,0.0,0.0,0.0,1.0,0.0,01598.jpg,4
742,0.0,0.0,0.0,0.0,1.0,0.0,01599.jpg,5
743,0.0,0.0,0.0,0.0,1.0,0.0,01600.jpg,4
744,0.0,0.0,0.0,0.0,1.0,0.0,01635.jpg,2
745,0.0,0.0,0.0,0.0,0.0,1.0,01638.jpg,2
746,0.0,0.0,0.0,0.0,0.0,1.0,01639.jpg,3
747,0.0,0.0,0.0,0.0,0.0,1.0,01642.jpg,4
748,0.0,0.0,0.0,0.0,0.0,1.0,01643.jpg,2
749,0.0,0.0,0.0,0.0,0.0,1.0,01644.jpg,3
750,0.0,0.0,0.0,0.0,0.0,1.0,01645.jpg,2
751,0.0,0.0,0.0,0.0,0.0,1.0,01646.jpg,2
752,0.0,0.0,0.0,0.0,0.0,1.0,01647.jpg,1
753,0.0,0.0,0.0,0.0,0.0,1.0,01648.jpg,4
754,0.0,0.0,0.0,0.0,0.0,1.0,01649.jpg,4
755,0.0,0.0,0.0,0.0,0.0,1.0,01650.jpg,2
756,0.0,0.0,0.0,0.0,0.0,1.0,01651.jpg,1
757,0.0,0.0,0.0,0.0,0.0,1.0,01652.jpg,3
758,0.0,0.0,0.0,0.0,0.0,1.0,01653.jpg,4
759,0.0,0.0,0.0,0.0,0.0,1.0,01654.jpg,4
760,0.0,0.0,0.0,0.0,0.0,1.0,01655.jpg,3
761,0.0,0.0,0.0,0.0,0.0,1.0,01656.jpg,5
762,0.0,0.0,0.0,0.0,0.0,1.0,01657.jpg,3
763,0.0,0.0,0.0,0.0,0.0,1.0,01658.jpg,4
764,0.0,0.0,0.0,0.0,0.0,1.0,01659.jpg,5
765,0.0,0.0,0.0,0.0,0.0,1.0,01660.jpg,1
766,0.0,0.0,0.0,0.0,0.0,1.0,01661.jpg,4
767,0.0,0.0,0.0,0.0,0.0,1.0,01662.jpg,4
768,0.0,0.0,0.0,0.0,0.0,1.0,01663.jpg,1
769,0.0,0.0,0.0,0.0,0.0,1.0,01664.jpg,2
770,0.0,0.0,0.0,0.0,0.0,1.0,01665.jpg,3
771,0.0,0.0,0.0,0.0,0.0,1.0,01666.jpg,5
772,0.0,0.0,0.0,0.0,0.0,1.0,01667.jpg,2
773,0.0,0.0,0.0,0.0,0.0,1.0,01668.jpg,2
774,0.0,0.0,0.0,0.0,0.0,1.0,01669.jpg,3
775,0.0,0.0,0.0,0.0,0.0,1.0,01670.jpg,5
776,0.0,0.0,0.0,0.0,0.0,1.0,01671.jpg,1
777,0.0,0.0,0.0,0.0,0.0,1.0,01672.jpg,1
778,0.0,0.0,0.0,0.0,0.0,1.0,01673.jpg,1
779,0.0,0.0,0.0,0.0,0.0,1.0,01674.jpg,1
780,0.0,0.0,0.0,0.0,0.0,1.0,01675.jpg,3
781,0.0,0.0,0.0,0.0,0.0,1.0,01676.jpg,5
782,0.0,0.0,0.0,0.0,0.0,1.0,01677.jpg,2
783,0.0,0.0,0.0,0.0,0.0,1.0,01678.jpg,1
784,0.0,0.0,0.0,0.0,0.0,1.0,01679.jpg,4
785,0.0,0.0,0.0,0.0,0.0,1.0,01680.jpg,4
786,0.0,0.0,0.0,0.0,0.0,1.0,01681.jpg,4
787,0.0,0.0,0.0,0.0,0.0,1.0,01682.jpg,1
788,0.0,0.0,0.0,0.0,0.0,1.0,01683.jpg,4
789,0.0,0.0,0.0,0.0,0.0,1.0,01684.jpg,2
790,0.0,0.0,0.0,0.0,0.0,1.0,01685.jpg,5
791,0.0,0.0,0.0,0.0,0.0,1.0,01686.jpg,1
792,0.0,0.0,0.0,0.0,0.0,1.0,01687.jpg,5
793,0.0,0.0,0.0,0.0,0.0,1.0,01688.jpg,3
794,0.0,0.0,0.0,0.0,0.0,1.0,01689.jpg,5
795,0.0,0.0,0.0,0.0,0.0,1.0,01690.jpg,1
796,0.0,0.0,0.0,0.0,0.0,1.0,01691.jpg,3
797,0.0,0.0,0.0,0.0,0.0,1.0,01692.jpg,5
798,0.0,0.0,0.0,0.0,0.0,1.0,01693.jpg,2
799,0.0,0.0,0.0,0.0,0.0,1.0,01694.jpg,3
800,0.0,0.0,0.0,0.0,0.0,1.0,01695.jpg,2
801,0.0,0.0,0.0,0.0,0.0,1.0,01696.jpg,1
802,0.0,0.0,0.0,0.0,0.0,1.0,01742.jpg,1
803,0.0,0.0,0.0,0.0,0.0,1.0,01743.jpg,5
804,0.0,0.0,0.0,0.0,0.0,1.0,01744.jpg,1
805,0.0,0.0,0.0,0.0,0.0,1.0,01745.jpg,4
806,0.0,0.0,0.0,0.0,0.0,1.0,01746.jpg,5
807,0.0,0.0,0.0,0.0,1.0,0.0,01770.jpg,5
808,0.0,0.0,0.0,0.0,1.0,0.0,01771.jpg,2
809,0.0,0.0,0.0,0.0,1.0,0.0,01772.jpg,4
810,0.0,0.0,0.0,0.0,1.0,0.0,01773.jpg,4
811,0.0,0.0,0.0,0.0,1.0,0.0,01787.jpg,2
812,0.0,0.0,0.0,0.0,1.0,0.0,01788.jpg,1
813,0.0,0.0,0.0,0.0,1.0,0.0,01790.jpg,3
814,1.0,0.0,0.0,0.0,0.0,0.0,01804.jpg,5
815,1.0,0.0,0.0,0.0,0.0,0.0,01805.jpg,4
816,0.0,0.0,0.0,0.0,0.0,1.0,01827.jpg,5
817,0.0,0.0,0.0,0.0,1.0,0.0,01836.jpg,4
818,0.0,0.0,0.0,0.0,1.0,0.0,01837.jpg,1
819,0.0,0.0,0.0,0.0,1.0,0.0,01838.jpg,4
820,0.0,0.0,0.0,0.0,1.0,0.0,01839.jpg,2
821,0.0,0.0,0.0,0.0,1.0,0.0,01840.jpg,2
822,0.0,0.0,0.0,0.0,1.0,0.0,01842.jpg,3
823,0.0,0.0,0.0,0.0,1.0,0.0,01843.jpg,5
824,0.0,0.0,0.0,0.0,1.0,0.0,01844.jpg,4
825,0.0,0.0,0.0,0.0,1.0,0.0,01845.jpg,3
826,0.0,0.0,0.0,0.0,1.0,0.0,01846.jpg,2
827,0.0,0.0,0.0,0.0,1.0,0.0,01847.jpg,4
828,0.0,0.0,0.0,0.0,1.0,0.0,01848.jpg,1
829,0.0,0.0,0.0,0.0,1.0,0.0,01849.jpg,1
830,0.0,0.0,0.0,0.0,1.0,0.0,01850.jpg,4
831,1.0,0.0,0.0,0.0,0.0,0.0,01851.jpg,4
832,0.0,0.0,0.0,0.0,1.0,0.0,01852.jpg,5
833,0.0,0.0,0.0,0.0,1.0,0.0,01853.jpg,1
834,0.0,0.0,0.0,0.0,1.0,0.0,01854.jpg,2
835,0.0,0.0,0.0,0.0,1.0,0.0,01855.jpg,5
836,0.0,0.0,0.0,0.0,1.0,0.0,01860.jpg,5
837,0.0,0.0,0.0,0.0,1.0,0.0,01861.jpg,1
838,0.0,0.0,0.0,0.0,1.0,0.0,01862.jpg,5
839,0.0,0.0,0.0,0.0,1.0,0.0,01863.jpg,4
840,0.0,0.0,0.0,0.0,0.0,1.0,01864.jpg,3
841,0.0,0.0,0.0,0.0,1.0,0.0,01865.jpg,4
842,0.0,0.0,0.0,0.0,1.0,0.0,01866.jpg,5
843,0.0,0.0,0.0,0.0,1.0,0.0,01867.jpg,2
844,0.0,0.0,0.0,0.0,1.0,0.0,01868.jpg,1
845,0.0,0.0,0.0,0.0,1.0,0.0,01869.jpg,5
846,0.0,0.0,0.0,0.0,1.0,0.0,01870.jpg,3
847,0.0,0.0,0.0,0.0,1.0,0.0,01871.jpg,1
848,0.0,0.0,0.0,0.0,1.0,0.0,01872.jpg,5
849,0.0,0.0,0.0,0.0,1.0,0.0,01873.jpg,4
850,0.0,0.0,0.0,0.0,1.0,0.0,01874.jpg,3
851,0.0,0.0,0.0,0.0,1.0,0.0,01875.jpg,5
852,0.0,0.0,0.0,0.0,1.0,0.0,01876.jpg,5
853,0.0,0.0,0.0,0.0,1.0,0.0,01877.jpg,1
854,0.0,0.0,0.0,0.0,1.0,0.0,01878.jpg,2
855,0.0,0.0,0.0,0.0,1.0,0.0,01879.jpg,4
856,0.0,0.0,0.0,0.0,1.0,0.0,01880.jpg,4
857,0.0,0.0,0.0,0.0,1.0,0.0,01881.jpg,4
858,0.0,0.0,0.0,0.0,1.0,0.0,01882.jpg,4
859,0.0,0.0,0.0,0.0,1.0,0.0,01883.jpg,3
860,0.0,0.0,0.0,0.0,1.0,0.0,01884.jpg,5
861,0.0,0.0,0.0,0.0,1.0,0.0,01885.jpg,5
862,0.0,0.0,0.0,0.0,1.0,0.0,01886.jpg,2
863,0.0,0.0,0.0,0.0,1.0,0.0,01887.jpg,2
864,0.0,0.0,0.0,0.0,1.0,0.0,01888.jpg,2
865,0.0,0.0,0.0,0.0,1.0,0.0,01889.jpg,3
866,0.0,0.0,0.0,0.0,1.0,0.0,01890.jpg,5
867,1.0,0.0,0.0,0.0,0.0,0.0,01891.jpg,3
868,1.0,0.0,0.0,0.0,0.0,0.0,01892.jpg,2
869,1.0,0.0,0.0,0.0,0.0,0.0,01893.jpg,5
870,1.0,0.0,0.0,0.0,0.0,0.0,01894.jpg,2
871,1.0,0.0,0.0,0.0,0.0,0.0,01896.jpg,5
872,1.0,0.0,0.0,0.0,0.0,0.0,01897.jpg,2
873,1.0,0.0,0.0,0.0,0.0,0.0,01898.jpg,3
874,1.0,0.0,0.0,0.0,0.0,0.0,01900.jpg,4
875,1.0,0.0,0.0,0.0,0.0,0.0,01901.jpg,2
876,1.0,0.0,0.0,0.0,0.0,0.0,01902.jpg,4
877,1.0,0.0,0.0,0.0,0.0,0.0,01912.jpg,4
878,1.0,0.0,0.0,0.0,0.0,0.0,01917.jpg,1
879,0.0,0.0,1.0,0.0,0.0,0.0,01918.jpg,1
880,0.0,0.0,1.0,0.0,0.0,0.0,01919.jpg,5
881,0.0,0.0,1.0,0.0,0.0,0.0,01920.jpg,4
882,0.0,0.0,1.0,0.0,0.0,0.0,01921.jpg,3
883,0.0,0.0,0.0,0.0,1.0,0.0,01922.jpg,1
884,0.0,0.0,0.0,0.0,1.0,0.0,01923.jpg,3
885,0.0,0.0,0.0,0.0,1.0,0.0,01924.jpg,1
886,0.0,1.0,0.0,0.0,0.0,0.0,01925.jpg,3
887,0.0,1.0,0.0,0.0,0.0,0.0,01926.jpg,2
888,0.0,0.0,0.0,0.0,1.0,0.0,01927.jpg,4
889,1.0,0.0,0.0,0.0,0.0,0.0,01928.jpg,3
890,0.0,0.0,0.0,0.0,1.0,0.0,01929.jpg,3
891,0.0,1.0,0.0,0.0,0.0,0.0,01936.jpg,5
892,1.0,0.0,0.0,0.0,0.0,0.0,01996.jpg,5
893,0.0,0.0,0.0,0.0,1.0,0.0,01998.jpg,5
894,0.0,0.0,0.0,0.0,1.0,0.0,01999.jpg,1
895,0.0,0.0,1.0,0.0,0.0,0.0,02000.jpg,2
896,0.0,0.0,0.0,0.0,0.0,1.0,02001.jpg,5
897,0.0,0.0,1.0,0.0,0.0,0.0,02002.jpg,1
898,0.0,0.0,0.0,0.0,1.0,0.0,02003.jpg,5
899,0.0,0.0,0.0,0.0,1.0,0.0,02004.jpg,3
900,0.0,0.0,0.0,0.0,1.0,0.0,02005.jpg,1
901,0.0,0.0,0.0,0.0,0.0,1.0,02006.jpg,2
902,0.0,0.0,0.0,0.0,0.0,1.0,02007.jpg,5
903,0.0,0.0,0.0,0.0,1.0,0.0,02008.jpg,3
904,0.0,0.0,0.0,0.0,1.0,0.0,02009.jpg,3
905,0.0,0.0,0.0,0.0,1.0,0.0,02010.jpg,2
906,0.0,0.0,0.0,0.0,0.0,1.0,02011.jpg,5
907,0.0,0.0,0.0,0.0,1.0,0.0,02012.jpg,3
908,0.0,0.0,0.0,0.0,0.0,1.0,02013.jpg,1
909,0.0,0.0,0.0,0.0,0.0,1.0,02014.jpg,1
910,0.0,0.0,0.0,0.0,0.0,1.0,02015.jpg,3
911,0.0,0.0,0.0,0.0,0.0,1.0,02016.jpg,4
912,0.0,0.0,0.0,0.0,1.0,0.0,02017.jpg,2
913,0.0,0.0,0.0,0.0,1.0,0.0,02018.jpg,5
914,0.0,0.0,0.0,0.0,1.0,0.0,02019.jpg,1
915,1.0,0.0,0.0,0.0,0.0,0.0,02020.jpg,5
916,1.0,0.0,0.0,0.0,0.0,0.0,02021.jpg,2
917,1.0,0.0,0.0,0.0,0.0,0.0,02022.jpg,4
918,1.0,0.0,0.0,0.0,0.0,0.0,02023.jpg,5
919,0.0,1.0,0.0,0.0,0.0,0.0,02024.jpg,4
920,1.0,0.0,0.0,0.0,0.0,0.0,02025.jpg,5
921,1.0,0.0,0.0,0.0,0.0,0.0,02026.jpg,2
922,1.0,0.0,0.0,0.0,0.0,0.0,02027.jpg,5
923,1.0,0.0,0.0,0.0,0.0,0.0,02028.jpg,4
924,1.0,0.0,0.0,0.0,0.0,0.0,02029.jpg,4
925,1.0,0.0,0.0,0.0,0.0,0.0,02030.jpg,4
926,1.0,0.0,0.0,0.0,0.0,0.0,02031.jpg,5
927,1.0,0.0,0.0,0.0,0.0,0.0,02032.jpg,4
928,1.0,0.0,0.0,0.0,0.0,0.0,02033.jpg,2
929,1.0,0.0,0.0,0.0,0.0,0.0,02034.jpg,1
930,1.0,0.0,0.0,0.0,0.0,0.0,02035.jpg,5
931,1.0,0.0,0.0,0.0,0.0,0.0,02036.jpg,2
932,1.0,0.0,0.0,0.0,0.0,0.0,02037.jpg,3
933,1.0,0.0,0.0,0.0,0.0,0.0,02038.jpg,1
934,1.0,0.0,0.0,0.0,0.0,0.0,02039.jpg,2
935,1.0,0.0,0.0,0.0,0.0,0.0,02040.jpg,2
936,1.0,0.0,0.0,0.0,0.0,0.0,02041.jpg,4
937,1.0,0.0,0.0,0.0,0.0,0.0,02042.jpg,4
938,1.0,0.0,0.0,0.0,0.0,0.0,02043.jpg,2
939,1.0,0.0,0.0,0.0,0.0,0.0,02044.jpg,1
940,1.0,0.0,0.0,0.0,0.0,0.0,02045.jpg,4
941,1.0,0.0,0.0,0.0,0.0,0.0,02046.jpg,4
942,1.0,0.0,0.0,0.0,0.0,0.0,02047.jpg,1
943,1.0,0.0,0.0,0.0,0.0,0.0,02048.jpg,2
944,1.0,0.0,0.0,0.0,0.0,0.0,02049.jpg,2
945,1.0,0.0,0.0,0.0,0.0,0.0,02050.jpg,1
946,1.0,0.0,0.0,0.0,0.0,0.0,02051.jpg,2
947,1.0,0.0,0.0,0.0,0.0,0.0,02052.jpg,2
948,1.0,0.0,0.0,0.0,0.0,0.0,02053.jpg,4
949,1.0,0.0,0.0,0.0,0.0,0.0,02054.jpg,2
950,0.0,0.0,0.0,0.0,1.0,0.0,02055.jpg,3
951,1.0,0.0,0.0,0.0,0.0,0.0,02056.jpg,1
952,1.0,0.0,0.0,0.0,0.0,0.0,02057.jpg,4
953,1.0,0.0,0.0,0.0,0.0,0.0,02058.jpg,3
954,0.0,0.0,0.0,0.0,1.0,0.0,02059.jpg,1
955,0.0,0.0,0.0,0.0,1.0,0.0,02060.jpg,3
956,0.0,0.0,0.0,0.0,1.0,0.0,02061.jpg,2
957,1.0,0.0,0.0,0.0,0.0,0.0,02062.jpg,1
958,1.0,0.0,0.0,0.0,0.0,0.0,02063.jpg,2
959,0.0,0.0,0.0,0.0,1.0,0.0,02064.jpg,1
960,0.0,0.0,0.0,0.0,1.0,0.0,02065.jpg,2
961,0.0,0.0,0.0,0.0,1.0,0.0,02066.jpg,4
962,1.0,0.0,0.0,0.0,0.0,0.0,02067.jpg,5
963,0.0,0.0,0.0,0.0,1.0,0.0,02068.jpg,1
964,1.0,0.0,0.0,0.0,0.0,0.0,02069.jpg,4
965,1.0,0.0,0.0,0.0,0.0,0.0,02070.jpg,5
966,0.0,0.0,0.0,0.0,1.0,0.0,02071.jpg,1
967,0.0,0.0,0.0,0.0,1.0,0.0,02072.jpg,2
968,0.0,0.0,0.0,0.0,1.0,0.0,02073.jpg,4
969,0.0,0.0,0.0,0.0,1.0,0.0,02074.jpg,5
970,0.0,0.0,0.0,0.0,1.0,0.0,02075.jpg,1
971,0.0,0.0,0.0,0.0,1.0,0.0,02076.jpg,2
972,0.0,0.0,0.0,0.0,1.0,0.0,02077.jpg,2
973,0.0,0.0,0.0,0.0,1.0,0.0,02078.jpg,5
974,0.0,0.0,0.0,0.0,1.0,0.0,02079.jpg,4
975,0.0,0.0,0.0,0.0,1.0,0.0,02080.jpg,5
976,0.0,0.0,0.0,0.0,1.0,0.0,02081.jpg,5
977,0.0,0.0,0.0,0.0,1.0,0.0,02082.jpg,2
978,0.0,0.0,0.0,0.0,1.0,0.0,02083.jpg,4
979,0.0,0.0,0.0,0.0,1.0,0.0,02084.jpg,1
980,0.0,0.0,0.0,0.0,1.0,0.0,02085.jpg,2
981,0.0,0.0,0.0,0.0,1.0,0.0,02086.jpg,3
982,0.0,0.0,0.0,0.0,1.0,0.0,02087.jpg,2
983,0.0,0.0,0.0,0.0,1.0,0.0,02088.jpg,1
984,0.0,0.0,0.0,0.0,1.0,0.0,02089.jpg,1
985,0.0,0.0,0.0,0.0,1.0,0.0,02090.jpg,5
986,0.0,0.0,0.0,0.0,1.0,0.0,02091.jpg,3
987,0.0,0.0,0.0,0.0,1.0,0.0,02092.jpg,1
988,0.0,0.0,1.0,0.0,0.0,0.0,02093.jpg,4
989,0.0,0.0,1.0,0.0,0.0,0.0,02094.jpg,2
990,0.0,0.0,0.0,0.0,1.0,0.0,02095.jpg,2
991,0.0,0.0,0.0,0.0,1.0,0.0,02096.jpg,2
992,1.0,0.0,0.0,0.0,0.0,0.0,02097.jpg,1
993,1.0,0.0,0.0,0.0,0.0,0.0,02098.jpg,4
994,1.0,0.0,0.0,0.0,0.0,0.0,02099.jpg,1
995,1.0,0.0,0.0,0.0,0.0,0.0,02100.jpg,4
996,0.0,1.0,0.0,0.0,0.0,0.0,02101.jpg,2
997,0.0,1.0,0.0,0.0,0.0,0.0,02110.jpg,5
998,0.0,1.0,0.0,0.0,0.0,0.0,02111.jpg,2
999,0.0,1.0,0.0,0.0,0.0,0.0,02113.jpg,4
1000,0.0,1.0,0.0,0.0,0.0,0.0,02114.jpg,5
1001,0.0,1.0,0.0,0.0,0.0,0.0,02115.jpg,1
1002,0.0,1.0,0.0,0.0,0.0,0.0,02116.jpg,4
1003,0.0,1.0,0.0,0.0,0.0,0.0,02117.jpg,3
1004,0.0,1.0,0.0,0.0,0.0,0.0,02119.jpg,1
1005,0.0,1.0,0.0,0.0,0.0,0.0,02120.jpg,4
1006,0.0,1.0,0.0,0.0,0.0,0.0,02121.jpg,3
1007,0.0,0.0,1.0,0.0,0.0,0.0,02124.jpg,3
1008,0.0,0.0,1.0,0.0,0.0,0.0,02456.jpg,4
1009,0.0,0.0,1.0,0.0,0.0,0.0,02457.jpg,1
1010,0.0,0.0,1.0,0.0,0.0,0.0,02458.jpg,1
1011,0.0,0.0,1.0,0.0,0.0,0.0,02459.jpg,2
1012,0.0,0.0,1.0,0.0,0.0,0.0,02460.jpg,2
1013,0.0,0.0,1.0,0.0,0.0,0.0,02461.jpg,1
1014,0.0,0.0,1.0,0.0,0.0,0.0,02462.jpg,1
1015,0.0,1.0,0.0,0.0,0.0,0.0,02463.jpg,5
1016,0.0,1.0,0.0,0.0,0.0,0.0,02464.jpg,2
1017,0.0,1.0,0.0,0.0,0.0,0.0,02467.jpg,3
1018,0.0,1.0,0.0,0.0,0.0,0.0,02468.jpg,5
1019,0.0,1.0,0.0,0.0,0.0,0.0,02469.jpg,4
1020,0.0,1.0,0.0,0.0,0.0,0.0,02472.jpg,5
1021,0.0,1.0,0.0,0.0,0.0,0.0,02473.jpg,1
1022,0.0,0.0,0.0,0.0,1.0,0.0,02475.jpg,5
1023,0.0,0.0,0.0,0.0,1.0,0.0,02476.jpg,5
1024,0.0,0.0,0.0,0.0,1.0,0.0,02477.jpg,2
1025,0.0,1.0,0.0,0.0,0.0,0.0,02478.jpg,2
1026,0.0,1.0,0.0,0.0,0.0,0.0,02479.jpg,5
1027,0.0,1.0,0.0,0.0,0.0,0.0,02482.jpg,1
1028,0.0,1.0,0.0,0.0,0.0,0.0,02483.jpg,3
1029,0.0,1.0,0.0,0.0,0.0,0.0,02491.jpg,3
1030,0.0,1.0,0.0,0.0,0.0,0.0,02492.jpg,1
1031,0.0,0.0,0.0,0.0,1.0,0.0,02535.jpg,4
1032,0.0,0.0,0.0,0.0,1.0,0.0,02536.jpg,5
1033,0.0,0.0,0.0,0.0,1.0,0.0,02537.jpg,1
1034,0.0,0.0,1.0,0.0,0.0,0.0,02538.jpg,1
1035,0.0,0.0,0.0,0.0,1.0,0.0,02539.jpg,5
1036,0.0,0.0,0.0,0.0,1.0,0.0,02540.jpg,3
1037,0.0,0.0,0.0,0.0,1.0,0.0,02541.jpg,5
1038,0.0,0.0,0.0,0.0,1.0,0.0,02542.jpg,2
1039,0.0,0.0,0.0,0.0,1.0,0.0,02543.jpg,4
1040,0.0,0.0,0.0,0.0,1.0,0.0,02544.jpg,3
1041,0.0,0.0,0.0,0.0,1.0,0.0,02545.jpg,1
1042,0.0,0.0,0.0,0.0,1.0,0.0,02546.jpg,2
1043,0.0,0.0,0.0,0.0,1.0,0.0,02547.jpg,4
1044,0.0,0.0,0.0,0.0,0.0,1.0,02548.jpg,5
1045,0.0,0.0,0.0,0.0,1.0,0.0,02549.jpg,4
1046,0.0,0.0,0.0,0.0,1.0,0.0,02550.jpg,2
1047,0.0,0.0,0.0,0.0,0.0,1.0,02551.jpg,2
1048,0.0,0.0,0.0,0.0,0.0,1.0,02552.jpg,5
1049,0.0,0.0,0.0,0.0,0.0,1.0,02553.jpg,2
1050,0.0,0.0,0.0,0.0,0.0,1.0,02554.jpg,5
1051,0.0,0.0,0.0,0.0,0.0,1.0,02555.jpg,1
1052,0.0,0.0,0.0,0.0,0.0,1.0,02556.jpg,2
1053,0.0,0.0,0.0,0.0,0.0,1.0,02557.jpg,1
1054,0.0,0.0,0.0,0.0,0.0,1.0,02558.jpg,5
1055,0.0,0.0,0.0,0.0,0.0,1.0,02559.jpg,4
1056,0.0,0.0,0.0,0.0,1.0,0.0,02560.jpg,1
1057,0.0,0.0,0.0,0.0,1.0,0.0,02561.jpg,3
1058,0.0,0.0,0.0,0.0,1.0,0.0,02562.jpg,1
1059,0.0,0.0,0.0,0.0,1.0,0.0,02563.jpg,4
1060,0.0,0.0,0.0,0.0,1.0,0.0,02564.jpg,1
1061,0.0,0.0,0.0,0.0,1.0,0.0,02565.jpg,4
1062,0.0,0.0,0.0,0.0,1.0,0.0,02566.jpg,2
1063,0.0,0.0,0.0,0.0,1.0,0.0,02567.jpg,3
1064,0.0,0.0,0.0,0.0,1.0,0.0,02568.jpg,1
1065,0.0,0.0,0.0,0.0,1.0,0.0,02569.jpg,3
1066,0.0,0.0,0.0,0.0,1.0,0.0,02570.jpg,1
1067,0.0,0.0,0.0,0.0,1.0,0.0,02571.jpg,3
1068,0.0,0.0,0.0,0.0,1.0,0.0,02572.jpg,4
1069,0.0,0.0,0.0,0.0,0.0,1.0,02573.jpg,2
1070,0.0,0.0,0.0,0.0,0.0,1.0,02574.jpg,4
1071,0.0,0.0,0.0,0.0,0.0,1.0,02575.jpg,3
1072,0.0,0.0,0.0,0.0,0.0,1.0,02576.jpg,5
1073,0.0,0.0,0.0,0.0,0.0,1.0,02577.jpg,3
1074,0.0,0.0,0.0,0.0,0.0,1.0,02578.jpg,1
1075,1.0,0.0,0.0,0.0,0.0,0.0,02597.jpg,2
1076,0.0,0.0,0.0,0.0,1.0,0.0,02598.jpg,2
1077,0.0,0.0,0.0,0.0,1.0,0.0,02600.jpg,3
1078,0.0,0.0,0.0,0.0,1.0,0.0,02601.jpg,4
1079,0.0,0.0,0.0,0.0,1.0,0.0,02602.jpg,5
1080,0.0,0.0,0.0,0.0,1.0,0.0,02603.jpg,5
1081,0.0,0.0,0.0,0.0,1.0,0.0,02604.jpg,2
1082,0.0,0.0,0.0,0.0,1.0,0.0,02605.jpg,2
1083,0.0,0.0,0.0,0.0,1.0,0.0,02607.jpg,4
1084,0.0,0.0,0.0,0.0,1.0,0.0,02608.jpg,2
1085,0.0,0.0,0.0,0.0,1.0,0.0,02609.jpg,4
1086,1.0,0.0,0.0,0.0,0.0,0.0,02614.jpg,2
1087,1.0,0.0,0.0,0.0,0.0,0.0,02615.jpg,2
1088,1.0,0.0,0.0,0.0,0.0,0.0,02616.jpg,2
1089,1.0,0.0,0.0,0.0,0.0,0.0,02617.jpg,3
1090,1.0,0.0,0.0,0.0,0.0,0.0,02619.jpg,4
1091,1.0,0.0,0.0,0.0,0.0,0.0,02663.jpg,5
1092,1.0,0.0,0.0,0.0,0.0,0.0,02664.jpg,3
1093,1.0,0.0,0.0,0.0,0.0,0.0,02665.jpg,2
1094,1.0,0.0,0.0,0.0,0.0,0.0,02666.jpg,3
1095,1.0,0.0,0.0,0.0,0.0,0.0,02667.jpg,4
1096,1.0,0.0,0.0,0.0,0.0,0.0,02668.jpg,1
1097,1.0,0.0,0.0,0.0,0.0,0.0,02670.jpg,1
1098,1.0,0.0,0.0,0.0,0.0,0.0,02671.jpg,2
1099,1.0,0.0,0.0,0.0,0.0,0.0,02672.jpg,3
1100,0.0,0.0,0.0,0.0,1.0,0.0,02767.jpg,2
1101,1.0,0.0,0.0,0.0,0.0,0.0,02768.jpg,3
1102,1.0,0.0,0.0,0.0,0.0,0.0,02769.jpg,2
1103,0.0,0.0,0.0,0.0,1.0,0.0,02770.jpg,4
1104,1.0,0.0,0.0,0.0,0.0,0.0,02773.jpg,3
1105,1.0,0.0,0.0,0.0,0.0,0.0,02774.jpg,3
1106,1.0,0.0,0.0,0.0,0.0,0.0,02775.jpg,2
1107,1.0,0.0,0.0,0.0,0.0,0.0,02776.jpg,5
1108,1.0,0.0,0.0,0.0,0.0,0.0,02777.jpg,2
1109,0.0,0.0,1.0,0.0,0.0,0.0,02817.jpg,5
1110,0.0,0.0,0.0,0.0,0.0,1.0,02831.jpg,1
1111,0.0,0.0,0.0,0.0,0.0,1.0,02832.jpg,5
1112,0.0,0.0,0.0,0.0,0.0,1.0,02833.jpg,1
1113,0.0,0.0,0.0,0.0,0.0,1.0,02834.jpg,5
1114,0.0,0.0,0.0,0.0,0.0,1.0,02835.jpg,3
1115,0.0,0.0,0.0,0.0,0.0,1.0,02836.jpg,4
1116,0.0,0.0,0.0,0.0,0.0,1.0,02837.jpg,1
1117,0.0,0.0,0.0,0.0,0.0,1.0,02838.jpg,5
1118,0.0,0.0,0.0,0.0,0.0,1.0,02840.jpg,2
1119,0.0,0.0,0.0,0.0,0.0,1.0,02841.jpg,4
1120,0.0,0.0,0.0,0.0,0.0,1.0,02842.jpg,2
1121,0.0,0.0,0.0,0.0,0.0,1.0,02843.jpg,4
1122,0.0,0.0,0.0,0.0,1.0,0.0,02844.jpg,4
1123,0.0,0.0,0.0,0.0,0.0,1.0,02850.jpg,2
1124,0.0,0.0,0.0,0.0,0.0,1.0,02851.jpg,5
1125,0.0,0.0,0.0,0.0,0.0,1.0,02852.jpg,3
1126,0.0,0.0,0.0,0.0,0.0,1.0,02853.jpg,4
1127,0.0,0.0,0.0,0.0,0.0,1.0,02854.jpg,2
1128,0.0,0.0,0.0,0.0,1.0,0.0,02855.jpg,4
1129,0.0,0.0,0.0,0.0,1.0,0.0,02856.jpg,1
1130,0.0,0.0,0.0,0.0,0.0,1.0,02857.jpg,3
1131,0.0,0.0,0.0,0.0,0.0,1.0,02858.jpg,1
1132,0.0,0.0,0.0,0.0,0.0,1.0,02859.jpg,4
1133,0.0,0.0,0.0,0.0,0.0,1.0,02860.jpg,3
1134,0.0,0.0,0.0,0.0,0.0,1.0,02861.jpg,3
1135,0.0,0.0,0.0,0.0,0.0,1.0,02862.jpg,2
1136,0.0,0.0,0.0,0.0,1.0,0.0,02863.jpg,4
1137,0.0,0.0,0.0,0.0,0.0,1.0,02864.jpg,4
1138,0.0,0.0,0.0,0.0,0.0,1.0,02865.jpg,5
1139,0.0,0.0,0.0,0.0,0.0,1.0,02866.jpg,4
1140,0.0,0.0,0.0,0.0,0.0,1.0,02867.jpg,3
1141,0.0,0.0,0.0,0.0,1.0,0.0,02868.jpg,4
1142,0.0,0.0,0.0,0.0,1.0,0.0,02869.jpg,1
1143,0.0,0.0,0.0,0.0,0.0,1.0,02870.jpg,4
1144,0.0,0.0,0.0,0.0,0.0,1.0,02871.jpg,2
1145,0.0,0.0,0.0,0.0,0.0,1.0,02872.jpg,1
1146,0.0,0.0,0.0,0.0,0.0,1.0,02873.jpg,3
1147,0.0,0.0,0.0,0.0,0.0,1.0,02874.jpg,4
1148,0.0,0.0,0.0,0.0,1.0,0.0,02875.jpg,5
1149,0.0,0.0,0.0,0.0,0.0,1.0,02876.jpg,3
1150,0.0,0.0,0.0,0.0,0.0,1.0,02877.jpg,2
1151,0.0,0.0,0.0,0.0,0.0,1.0,02878.jpg,2
1152,0.0,0.0,0.0,0.0,0.0,1.0,02879.jpg,2
1153,0.0,0.0,0.0,0.0,0.0,1.0,02880.jpg,4
1154,0.0,0.0,0.0,0.0,0.0,1.0,02881.jpg,1
1155,0.0,0.0,0.0,0.0,0.0,1.0,02882.jpg,2
1156,0.0,0.0,0.0,0.0,0.0,1.0,02883.jpg,1
1157,0.0,0.0,0.0,0.0,0.0,1.0,02884.jpg,1
1158,0.0,0.0,0.0,0.0,0.0,1.0,02885.jpg,2
1159,0.0,0.0,0.0,0.0,0.0,1.0,02886.jpg,1
1160,0.0,0.0,0.0,0.0,0.0,1.0,02887.jpg,3
1161,0.0,0.0,0.0,0.0,0.0,1.0,02888.jpg,3
1162,0.0,0.0,0.0,0.0,0.0,1.0,02889.jpg,5
1163,0.0,0.0,0.0,0.0,0.0,1.0,02890.jpg,2
1164,0.0,0.0,0.0,0.0,0.0,1.0,02891.jpg,5
1165,0.0,0.0,0.0,0.0,0.0,1.0,02892.jpg,5
1166,0.0,0.0,0.0,0.0,1.0,0.0,02893.jpg,5
1167,0.0,0.0,0.0,0.0,0.0,1.0,02894.jpg,4
1168,0.0,0.0,0.0,0.0,0.0,1.0,02895.jpg,1
1169,1.0,0.0,0.0,0.0,0.0,0.0,02896.jpg,3
1170,1.0,0.0,0.0,0.0,0.0,0.0,02897.jpg,5
1171,1.0,0.0,0.0,0.0,0.0,0.0,02898.jpg,5
1172,1.0,0.0,0.0,0.0,0.0,0.0,02899.jpg,2
1173,0.0,0.0,0.0,0.0,0.0,1.0,02900.jpg,5
1174,0.0,0.0,0.0,0.0,1.0,0.0,02901.jpg,4
1175,0.0,0.0,0.0,0.0,1.0,0.0,02902.jpg,3
1176,0.0,0.0,0.0,0.0,1.0,0.0,02903.jpg,1
1177,0.0,0.0,0.0,0.0,1.0,0.0,02904.jpg,1
1178,0.0,0.0,0.0,0.0,1.0,0.0,02905.jpg,5
1179,0.0,0.0,0.0,0.0,0.0,1.0,02906.jpg,2
1180,0.0,0.0,0.0,0.0,0.0,1.0,02907.jpg,5
1181,0.0,0.0,0.0,0.0,0.0,1.0,02908.jpg,2
1182,0.0,0.0,0.0,0.0,0.0,1.0,02909.jpg,5
1183,0.0,0.0,0.0,0.0,0.0,1.0,02910.jpg,2
1184,0.0,0.0,0.0,0.0,1.0,0.0,02911.jpg,4
1185,0.0,0.0,0.0,0.0,0.0,1.0,02912.jpg,3
1186,0.0,0.0,0.0,0.0,0.0,1.0,02913.jpg,3
1187,0.0,0.0,0.0,0.0,0.0,1.0,02914.jpg,3
1188,0.0,0.0,0.0,0.0,0.0,1.0,02915.jpg,4
1189,0.0,0.0,0.0,0.0,0.0,1.0,02916.jpg,2
1190,0.0,0.0,0.0,0.0,0.0,1.0,02917.jpg,5
1191,0.0,0.0,0.0,0.0,0.0,1.0,02918.jpg,4
1192,0.0,0.0,0.0,0.0,0.0,1.0,02919.jpg,2
1193,0.0,0.0,0.0,0.0,0.0,1.0,02920.jpg,2
1194,0.0,0.0,0.0,0.0,0.0,1.0,02921.jpg,4
1195,0.0,0.0,0.0,0.0,0.0,1.0,02922.jpg,1
1196,0.0,0.0,0.0,0.0,0.0,1.0,02923.jpg,3
1197,0.0,0.0,0.0,0.0,0.0,1.0,02924.jpg,5
1198,0.0,0.0,0.0,0.0,0.0,1.0,02925.jpg,3
1199,0.0,0.0,0.0,0.0,0.0,1.0,02926.jpg,4
1200,0.0,0.0,0.0,0.0,0.0,1.0,02927.jpg,2
1201,0.0,0.0,0.0,0.0,0.0,1.0,02928.jpg,3
1202,0.0,0.0,0.0,0.0,0.0,1.0,02929.jpg,5
1203,0.0,0.0,0.0,0.0,0.0,1.0,02930.jpg,5
1204,0.0,0.0,0.0,0.0,0.0,1.0,02931.jpg,2
1205,0.0,0.0,0.0,0.0,0.0,1.0,02932.jpg,1
1206,1.0,0.0,0.0,0.0,0.0,0.0,02933.jpg,4
1207,1.0,0.0,0.0,0.0,0.0,0.0,02934.jpg,2
1208,1.0,0.0,0.0,0.0,0.0,0.0,02935.jpg,5
1209,1.0,0.0,0.0,0.0,0.0,0.0,02936.jpg,5
1210,0.0,0.0,0.0,0.0,1.0,0.0,02937.jpg,5
1211,0.0,0.0,0.0,0.0,1.0,0.0,02959.jpg,5
1212,1.0,0.0,0.0,0.0,0.0,0.0,02960.jpg,2
1213,1.0,0.0,0.0,0.0,0.0,0.0,02961.jpg,1
1214,1.0,0.0,0.0,0.0,0.0,0.0,02970.jpg,5
1215,1.0,0.0,0.0,0.0,0.0,0.0,02971.jpg,5
1216,1.0,0.0,0.0,0.0,0.0,0.0,02972.jpg,1
1217,1.0,0.0,0.0,0.0,0.0,0.0,02973.jpg,4
1218,1.0,0.0,0.0,0.0,0.0,0.0,02974.jpg,1
1219,1.0,0.0,0.0,0.0,0.0,0.0,02975.jpg,5
1220,0.0,0.0,0.0,0.0,1.0,0.0,02976.jpg,2
1221,1.0,0.0,0.0,0.0,0.0,0.0,02977.jpg,2
1222,1.0,0.0,0.0,0.0,0.0,0.0,02978.jpg,3
1223,1.0,0.0,0.0,0.0,0.0,0.0,02979.jpg,5
1224,1.0,0.0,0.0,0.0,0.0,0.0,02980.jpg,3
1225,1.0,0.0,0.0,0.0,0.0,0.0,02981.jpg,2
1226,1.0,0.0,0.0,0.0,0.0,0.0,02982.jpg,1
1227,1.0,0.0,0.0,0.0,0.0,0.0,02983.jpg,5
1228,1.0,0.0,0.0,0.0,0.0,0.0,02984.jpg,3
1229,1.0,0.0,0.0,0.0,0.0,0.0,02985.jpg,2
1230,1.0,0.0,0.0,0.0,0.0,0.0,02986.jpg,3
1231,1.0,0.0,0.0,0.0,0.0,0.0,02987.jpg,4
1232,1.0,0.0,0.0,0.0,0.0,0.0,02988.jpg,3
1233,1.0,0.0,0.0,0.0,0.0,0.0,02989.jpg,5
1234,1.0,0.0,0.0,0.0,0.0,0.0,02990.jpg,3
1235,1.0,0.0,0.0,0.0,0.0,0.0,02991.jpg,5
1236,0.0,1.0,0.0,0.0,0.0,0.0,02993.jpg,2
1237,0.0,0.0,0.0,0.0,1.0,0.0,03052.jpg,3
1238,0.0,0.0,1.0,0.0,0.0,0.0,03100.jpg,5
1239,0.0,0.0,0.0,0.0,1.0,0.0,03103.jpg,2
1240,0.0,0.0,0.0,1.0,0.0,0.0,03104.jpg,4
1241,0.0,0.0,0.0,0.0,0.0,1.0,03105.jpg,2
1242,0.0,0.0,0.0,0.0,0.0,1.0,03106.jpg,5
1243,0.0,0.0,0.0,0.0,0.0,1.0,03108.jpg,4
1244,0.0,0.0,0.0,1.0,0.0,0.0,03109.jpg,4
1245,0.0,0.0,0.0,0.0,0.0,1.0,03110.jpg,4
1246,0.0,0.0,0.0,1.0,0.0,0.0,03111.jpg,3
1247,0.0,0.0,0.0,1.0,0.0,0.0,03112.jpg,2
1248,0.0,0.0,0.0,1.0,0.0,0.0,03113.jpg,1
1249,0.0,0.0,0.0,1.0,0.0,0.0,03114.jpg,2
1250,0.0,0.0,0.0,0.0,0.0,1.0,03115.jpg,3
1251,0.0,0.0,0.0,0.0,0.0,1.0,03116.jpg,3
1252,0.0,0.0,0.0,1.0,0.0,0.0,03117.jpg,4
1253,0.0,0.0,0.0,0.0,0.0,1.0,03118.jpg,4
1254,0.0,0.0,0.0,0.0,0.0,1.0,03119.jpg,2
1255,0.0,0.0,0.0,0.0,0.0,1.0,03120.jpg,5
1256,0.0,0.0,0.0,0.0,1.0,0.0,03121.jpg,3
1257,0.0,0.0,0.0,0.0,1.0,0.0,03122.jpg,4
1258,0.0,0.0,0.0,0.0,1.0,0.0,03123.jpg,1
1259,0.0,0.0,0.0,0.0,1.0,0.0,03124.jpg,4
1260,0.0,0.0,0.0,0.0,1.0,0.0,03125.jpg,4
1261,0.0,0.0,0.0,0.0,1.0,0.0,03126.jpg,5
1262,0.0,0.0,0.0,0.0,1.0,0.0,03127.jpg,5
1263,0.0,0.0,0.0,0.0,1.0,0.0,03128.jpg,1
1264,0.0,0.0,0.0,0.0,1.0,0.0,03129.jpg,4
1265,0.0,0.0,0.0,0.0,0.0,1.0,03130.jpg,5
1266,0.0,0.0,0.0,0.0,0.0,1.0,03131.jpg,4
1267,0.0,0.0,0.0,0.0,1.0,0.0,03132.jpg,2
1268,0.0,0.0,0.0,0.0,1.0,0.0,03133.jpg,2
1269,0.0,0.0,0.0,0.0,1.0,0.0,03134.jpg,2
1270,0.0,0.0,0.0,0.0,1.0,0.0,03135.jpg,3
1271,0.0,0.0,0.0,0.0,0.0,1.0,03136.jpg,5
1272,0.0,0.0,0.0,0.0,1.0,0.0,03137.jpg,3
1273,0.0,0.0,0.0,0.0,1.0,0.0,03138.jpg,4
1274,0.0,0.0,0.0,0.0,1.0,0.0,03139.jpg,5
1275,0.0,0.0,0.0,0.0,1.0,0.0,03140.jpg,3
1276,0.0,0.0,1.0,0.0,0.0,0.0,03141.jpg,1
1277,0.0,0.0,0.0,0.0,1.0,0.0,03142.jpg,1
1278,0.0,0.0,0.0,0.0,1.0,0.0,03143.jpg,3
1279,0.0,0.0,0.0,0.0,1.0,0.0,03144.jpg,1
1280,0.0,0.0,0.0,0.0,1.0,0.0,03145.jpg,2
1281,0.0,0.0,1.0,0.0,0.0,0.0,03146.jpg,1
1282,0.0,1.0,0.0,0.0,0.0,0.0,03156.jpg,3
1283,0.0,0.0,0.0,0.0,0.0,1.0,03238.jpg,3
1284,0.0,0.0,0.0,0.0,0.0,1.0,03239.jpg,2
1285,1.0,0.0,0.0,0.0,0.0,0.0,03241.jpg,3
1286,1.0,0.0,0.0,0.0,0.0,0.0,03242.jpg,2
1287,0.0,1.0,0.0,0.0,0.0,0.0,03273.jpg,1
1288,0.0,1.0,0.0,0.0,0.0,0.0,03274.jpg,4
1289,0.0,1.0,0.0,0.0,0.0,0.0,03275.jpg,3
1290,0.0,1.0,0.0,0.0,0.0,0.0,03276.jpg,5
1291,1.0,0.0,0.0,0.0,0.0,0.0,03278.jpg,2
1292,1.0,0.0,0.0,0.0,0.0,0.0,03279.jpg,1
1293,0.0,1.0,0.0,0.0,0.0,0.0,03280.jpg,1
1294,0.0,1.0,0.0,0.0,0.0,0.0,03281.jpg,2
1295,1.0,0.0,0.0,0.0,0.0,0.0,03286.jpg,5
1296,1.0,0.0,0.0,0.0,0.0,0.0,03287.jpg,5
1297,1.0,0.0,0.0,0.0,0.0,0.0,03288.jpg,2
1298,1.0,0.0,0.0,0.0,0.0,0.0,03289.jpg,2
1299,0.0,0.0,0.0,0.0,1.0,0.0,03290.jpg,1
1300,0.0,0.0,0.0,0.0,1.0,0.0,03291.jpg,1
1301,0.0,0.0,0.0,0.0,1.0,0.0,03294.jpg,1
1302,0.0,0.0,0.0,0.0,1.0,0.0,03295.jpg,5
1303,1.0,0.0,0.0,0.0,0.0,0.0,03301.jpg,1
1304,1.0,0.0,0.0,0.0,0.0,0.0,03304.jpg,1
1305,1.0,0.0,0.0,0.0,0.0,0.0,03305.jpg,1
1306,1.0,0.0,0.0,0.0,0.0,0.0,03306.jpg,2
1307,1.0,0.0,0.0,0.0,0.0,0.0,03307.jpg,1
1308,1.0,0.0,0.0,0.0,0.0,0.0,03308.jpg,5
1309,1.0,0.0,0.0,0.0,0.0,0.0,03309.jpg,3
1310,1.0,0.0,0.0,0.0,0.0,0.0,03310.jpg,5
1311,1.0,0.0,0.0,0.0,0.0,0.0,03311.jpg,2
1312,1.0,0.0,0.0,0.0,0.0,0.0,03312.jpg,3
1313,1.0,0.0,0.0,0.0,0.0,0.0,03313.jpg,3
1314,0.0,1.0,0.0,0.0,0.0,0.0,03329.jpg,2
1315,0.0,1.0,0.0,0.0,0.0,0.0,03331.jpg,3
1316,0.0,0.0,0.0,0.0,1.0,0.0,03340.jpg,1
1317,0.0,0.0,0.0,0.0,1.0,0.0,03341.jpg,5
1318,0.0,0.0,0.0,0.0,1.0,0.0,03342.jpg,3
1319,0.0,0.0,0.0,0.0,1.0,0.0,03343.jpg,2
1320,0.0,0.0,0.0,0.0,1.0,0.0,03344.jpg,3
1321,1.0,0.0,0.0,0.0,0.0,0.0,03345.jpg,5
1322,0.0,0.0,0.0,0.0,1.0,0.0,03346.jpg,2
1323,1.0,0.0,0.0,0.0,0.0,0.0,03347.jpg,5
1324,1.0,0.0,0.0,0.0,0.0,0.0,03348.jpg,1
1325,1.0,0.0,0.0,0.0,0.0,0.0,03349.jpg,5
1326,1.0,0.0,0.0,0.0,0.0,0.0,03350.jpg,2
1327,0.0,0.0,1.0,0.0,0.0,0.0,03351.jpg,3
1328,1.0,0.0,0.0,0.0,0.0,0.0,03352.jpg,4
1329,0.0,0.0,0.0,0.0,1.0,0.0,03353.jpg,4
1330,0.0,1.0,0.0,0.0,0.0,0.0,03365.jpg,4
1331,0.0,0.0,0.0,0.0,1.0,0.0,03366.jpg,5
1332,0.0,0.0,0.0,0.0,0.0,1.0,03370.jpg,4
1333,0.0,0.0,0.0,0.0,1.0,0.0,03373.jpg,2
1334,0.0,1.0,0.0,0.0,0.0,0.0,03374.jpg,3
1335,0.0,0.0,1.0,0.0,0.0,0.0,03375.jpg,5
1336,0.0,1.0,0.0,0.0,0.0,0.0,03377.jpg,4
1337,0.0,0.0,0.0,0.0,0.0,1.0,03384.jpg,4
1338,0.0,1.0,0.0,0.0,0.0,0.0,03396.jpg,4
1339,0.0,0.0,0.0,1.0,0.0,0.0,03399.jpg,5
1340,0.0,0.0,0.0,1.0,0.0,0.0,03402.jpg,3
1341,1.0,0.0,0.0,0.0,0.0,0.0,03407.jpg,4
1342,0.0,0.0,1.0,0.0,0.0,0.0,03409.jpg,2
1343,1.0,0.0,0.0,0.0,0.0,0.0,03410.jpg,1
1344,1.0,0.0,0.0,0.0,0.0,0.0,03411.jpg,4
1345,0.0,0.0,0.0,0.0,1.0,0.0,03419.jpg,5
1346,0.0,1.0,0.0,0.0,0.0,0.0,03423.jpg,2
1347,0.0,0.0,1.0,0.0,0.0,0.0,03426.jpg,3
1348,1.0,0.0,0.0,0.0,0.0,0.0,03437.jpg,4
1349,0.0,0.0,0.0,0.0,1.0,0.0,03449.jpg,1
1350,0.0,0.0,1.0,0.0,0.0,0.0,03450.jpg,1
1351,0.0,0.0,0.0,0.0,0.0,1.0,03455.jpg,1
1352,1.0,0.0,0.0,0.0,0.0,0.0,03460.jpg,1
1353,1.0,0.0,0.0,0.0,0.0,0.0,03470.jpg,5
1354,0.0,0.0,0.0,0.0,1.0,0.0,03477.jpg,3
1355,1.0,0.0,0.0,0.0,0.0,0.0,03478.jpg,1
1356,1.0,0.0,0.0,0.0,0.0,0.0,03482.jpg,3
1357,0.0,0.0,0.0,0.0,1.0,0.0,03493.jpg,1
1358,0.0,1.0,0.0,0.0,0.0,0.0,03495.jpg,4
1359,0.0,0.0,0.0,0.0,1.0,0.0,03497.jpg,3
